name,category,lat,lon,address,city,phone,website,source,opportunity_score
Five15,cafe,42.4853808,-83.1467885,600 South Washington Avenue,Royal Oak,,,OSM,40
Europa Cafe,cafe,42.3351162,-83.0418087,,Windsor,,,OSM,40
Biggby Coffee,cafe,42.3038986,-83.2517728,,Windsor,,,OSM,40
Cigaro,cafe,42.3058772,-83.2447334,,Windsor,,,OSM,40
Tim Hortons,cafe,42.2979361,-82.9910053,,Windsor,,,OSM,40
The Proving Grounds,cafe,42.4866815,-83.1463539,417 South Washington Avenue,Royal Oak,,,OSM,40
Cacao Tree Cafe,cafe,42.4873369,-83.1457136,204 West 4th Street,Royal Oak,,,OSM,40
The Coffee Exchange,cafe,42.3178728,-83.0390675,,Windsor,,,OSM,40
The Bottom Line Coffee House,cafe,42.3514195,-83.0691403,4474 3rd Street,Detroit,,,OSM,40
The Red Hook Detroit,cafe,42.3551662,-82.9971851,,Windsor,,,OSM,40
Always Brewing Detroit,cafe,42.4057657,-83.2301329,19180 Grand River Avenue,Detroit,,,OSM,40
The Red Hook - Midtown,cafe,42.3503889,-83.0601644,3965 Woodward Avenue,Detroit,,,OSM,40
the Broadway,cafe,42.3343951,-83.0453671,,Windsor,,,OSM,40
Dessert Oasis Coffee Roasters,cafe,42.3329874,-83.0489956,1220 Griswold Street,Detroit,,,OSM,40
illy,cafe,42.3289907,-83.0397978,400 Renaissance Drive West,Detroit,,,OSM,40
Bella's Coffee House,cafe,42.3202048,-83.1062029,,Windsor,,,OSM,40
Milano Bakery & Cafe,cafe,42.3523174,-83.0441586,3500 Russell Street,Detroit,,,OSM,40
Roasting Plant,cafe,42.3312547,-83.0460042,660 Woodward Avenue,Detroit,,,OSM,40
Boostan Cafe,cafe,42.3964096,-83.0487125,3470 Holbrook Street,Windsor,,,OSM,40
Oloman Cafe,cafe,42.3986268,-83.0593487,,Windsor,,,OSM,40
Cafe Muse,cafe,42.4867154,-83.1468034,418 South Washington Avenue,Windsor,,,OSM,40
Java Hutt,cafe,42.4604689,-83.1358226,165 West 9 Mile Road,Ferndale,,,OSM,40
Biggby Coffee,cafe,42.4607574,-83.1436948,750 West 9 Mile Road,Ferndale,,,OSM,40
Detroit Fleet Food Truck Park,cafe,42.4609102,-83.1128363,1820 East 9 Mile Road,Windsor,,,OSM,40
Stella Good Coffee,cafe,42.369806,-83.0770787,,Windsor,,,OSM,40
Lape Soul Food,cafe,42.4351646,-82.9643075,15236 East 7 Mile Road,Detroit,,,OSM,40
Motor City Java House,cafe,42.4169027,-83.257514,17336 Lahser Road,Detroit,,,OSM,40
Hot Taco,cafe,42.3378896,-83.0538867,2233 Park Avenue,Windsor,,,OSM,40
Qahwah House,cafe,42.340017,-83.1768624,6655 Schaefer Road,Windsor,,,OSM,40
Cork & Grind,cafe,42.3273709,-83.0486548,Detroit,Detroit,,,OSM,40
Dessert Oasis Coffee Roasters,cafe,42.4893927,-83.1440683,,Windsor,,,OSM,40
Bean & Leaf Cafe,cafe,42.4895489,-83.1444863,106 South Main Street,Royal Oak,,,OSM,40
Fattoush,cafe,42.2881118,-83.057082,,Windsor,,,OSM,40
Presotea,cafe,42.2554548,-82.9631513,,Windsor,,,OSM,40
Starbucks,cafe,42.3118847,-82.9462462,,Windsor,,,OSM,40
Anthology Coffee,cafe,42.3489591,-83.036009,1948 Division Street,Detroit,,,OSM,40
Starbucks,cafe,42.305203,-82.862416,195 Commercial Boulevard,Lakeshore,,,OSM,40
Ciao Cafe,cafe,42.3083386,-82.9654319,,Windsor,,,OSM,40
Tim Hortons,cafe,42.3045051,-82.9808322,13300 Tecumseh Road East,Tecumseh,,,OSM,40
Anchor Coffee House,cafe,42.2758477,-83.0518062,,Windsor,,,OSM,40
Riverside Pie Cafe,cafe,42.328493,-82.9697949,,Windsor,,,OSM,40
Cafe Alto,cafe,42.3450051,-83.0559961,3100 Woodward,Windsor,,,OSM,40
Awake Cafe,cafe,42.3496275,-83.0681502,4244 3rd Street,Detroit,,,OSM,40
Boston Tea Room,cafe,42.4680491,-83.1247043,1220 Woodward Heights Boulevard,Ferndale,,,OSM,40
The Coffee Lounge,cafe,42.2040662,-83.1496764,,Windsor,,,OSM,40
Bubbleology,cafe,42.3045741,-83.2490549,,Windsor,,,OSM,40
Minnie's Rhythm Café,cafe,42.3317707,-83.0394233,546 East Larned Street,Detroit,,,OSM,40
Ashe Supply Co.,cafe,42.4504556,-83.1428705,,Windsor,,,OSM,40
Prestotea,cafe,42.3056282,-83.0607727,2161 Wyandotte Street West,Windsor,,,OSM,40
Café Sonshine (by CDC),cafe,42.380408,-83.0836572,,Windsor,,,OSM,40
Delite Cafe & Deli,cafe,42.2278482,-83.2538357,,Windsor,,,OSM,40
Doug's Delight,cafe,42.4696861,-83.1039983,24110 John R Road,Hazel Park,,,OSM,40
The Red Hook,cafe,42.339892,-83.0201797,,Windsor,,,OSM,40
Qargo Coffee,cafe,42.306247,-83.2446334,,Windsor,,,OSM,40
Café Amor & Art,cafe,42.310625,-83.0106268,1464 Ottawa Street,Windsor,,,OSM,40
Peet's Coffee,cafe,42.3297355,-83.0458996,,Windsor,,,OSM,40
Gina's Cafe,cafe,42.3128945,-83.0230603,770 Erie Street,Windsor,,,OSM,40
Kung Fu Tea,cafe,42.3057817,-83.2448252,,Windsor,,,OSM,40
Dellah Coffee & Brunch House,cafe,42.2840957,-83.2345682,,Windsor,,,OSM,40
Ortona,cafe,42.3226641,-83.01359,,Windsor,,,OSM,40
Backroad Cafe,cafe,42.2932959,-82.9761357,,Windsor,,,OSM,40
Sous Terre,cafe,42.353327,-83.0662305,445 West Forest Avenue,Detroit,,,OSM,40
D Spot Dessert Cafe,cafe,42.2884114,-83.059282,1475 Huron Church Road,Windsor,,,OSM,40
Rosette Market + Cafe,cafe,42.331181,-83.0685139,1611 Michigan Avenue,Windsor,,,OSM,40
Starbucks,cafe,42.203314,-83.2552182,14099 Pardee Road,Taylor,,,OSM,40
Starbucks,cafe,42.2139165,-83.1494031,2003 Biddle Avenue,Wyandotte,,,OSM,40
Seven Brew,cafe,42.2572417,-83.1986924,14800 Southfield Road,Allen Park,,,OSM,40
Scooter's Coffee,cafe,42.2336011,-83.2688569,,Windsor,,,OSM,40
Biggby Coffee,cafe,42.2568966,-83.2242268,17410 Ecorse Road,Windsor,,,OSM,40
Cafe,cafe,42.3511325,-83.0657091,441 West Canfield Street,Detroit,,,OSM,40
Morningside Cafe,cafe,42.4030739,-82.9384985,,Windsor,,,OSM,40
Jabal Coffee House,cafe,42.3053979,-83.2457091,,Windsor,,,OSM,40
James Oliver,cafe,42.2026402,-83.1498022,3042 Biddle Avenue,Wyandotte,,,OSM,40
Biggby Coffee,cafe,42.2032283,-83.1810497,14440 Fort Street,Southgate,,,OSM,40
Ananas Cafe,cafe,42.3262067,-83.292445,,Windsor,,,OSM,40
Elias Donuts,cafe,42.4055668,-83.2310339,,Windsor,,,OSM,40
Mangonadas Del Barrio #2,cafe,42.3214545,-83.0923858,,Windsor,,,OSM,40
Nevería La Michoacana,cafe,42.320564,-83.095663,,Windsor,,,OSM,40
Donutown,cafe,42.3999642,-83.2954004,,Windsor,,,OSM,40
"El Artesano, LLC",cafe,42.3190535,-83.0992621,4746 West Vernor Highway,Detroit,,,OSM,40
Tim Hortons,cafe,42.3476343,-83.0017483,7201 East Jefferson Avenue,Detroit,,,OSM,40
Monday Coffee Club,cafe,42.3018927,-83.2644132,23440 Michigan Avenue,Dearborn,,,OSM,40
Caribou Coffee,cafe,42.455862,-83.1307619,,Windsor,,,OSM,40
Replay Café,cafe,42.372244,-83.0658109,6545 Saint Antoine Street,Detroit,,,OSM,40
Tim Hortons,cafe,42.2501777,-83.0612628,5775,Windsor,,,OSM,40
Tim Hortons,cafe,42.230107,-83.1027123,1891 Front Road,Lasalle,,,OSM,40
Flic of the Wrist Eatery,cafe,42.4354864,-82.9684342,,Windsor,,,OSM,40
Starbucks,cafe,42.2557848,-82.9636079,4450 Walker Road,Windsor,,,OSM,40
The Red Hook,cafe,42.4608299,-83.1367365,220 West 9 Mile Road,Ferndale,,,OSM,40
Drifter Coffee,cafe,42.468349,-83.1287434,770 Woodward Heights,Ferndale,,,OSM,40
Coney Island,cafe,42.4626382,-83.0270145,,Windsor,,,OSM,40
Pine Coast Café,cafe,42.3207473,-83.1798319,,Windsor,,,OSM,40
Higher Culture Cafe,cafe,42.3332444,-82.9417928,,Windsor,,,OSM,40
Chazzano Coffee Roasters,cafe,42.4613036,-83.1137246,1737 East 9 Mile Road,Ferndale,,,OSM,40
Qazzaz Coffee,cafe,42.2636708,-83.2026826,5410 Allen Road,Windsor,,,OSM,40
Tim Hortons,cafe,42.2953672,-82.9417927,3136 Jefferson Boulevard,Windsor,,,OSM,40
Biggby Coffee,cafe,42.2263499,-83.2871613,25700 Goddard Road,Windsor,,,OSM,40
Buffalo Wild Wings,restaurant,42.4863124,-83.14433,500 South Main Street,Royal Oak,,,OSM,40
DearbornHIlls.com,restaurant,42.3013453,-83.2738111,,Windsor,,,OSM,40
bd's Mongolian Grill,restaurant,42.4868239,-83.1443874,430 South Main Street,Royal Oak,,,OSM,40
Small Plates,restaurant,42.4878072,-83.1444058,310 South Main Street,Royal Oak,,,OSM,40
Monterey Cantina,restaurant,42.4876927,-83.1444019,,Windsor,,,OSM,40
Mei Wah,restaurant,42.3115825,-83.0582349,,Windsor,,,OSM,40
The Whitney,restaurant,42.3527285,-83.0621298,4421 Woodward Avenue,Detroit,,,OSM,40
Lafayette Coney Island,restaurant,42.3314078,-83.048825,118 Lafayette Boulevard West,Detroit,,,OSM,40
Ten Eyck Tavern,restaurant,42.2969379,-83.2285895,,Windsor,,,OSM,40
Fishbones,restaurant,42.3344026,-83.0434117,,Windsor,,,OSM,40
Pegasus Taverna,restaurant,42.3351931,-83.0415337,,Windsor,,,OSM,40
Cellar D's,restaurant,42.3284504,-83.0502414,,Windsor,,,OSM,40
A Taste of History® Restaurant,restaurant,42.3073473,-83.2264114,,Windsor,,,OSM,40
Eagle Tavern,restaurant,42.3070894,-83.2266797,,Windsor,,,OSM,40
Buffalo Wild Wings,restaurant,42.3053442,-83.2484917,,Windsor,,,OSM,40
La Fork,restaurant,42.3047438,-83.2475618,1041 Howard Street,Dearborn,,,OSM,40
rams horn halal,restaurant,42.3362479,-83.1956722,,Windsor,,,OSM,40
O'sushi Japanese Restaurant,restaurant,42.3042474,-83.2519162,22431 Michigan Avenue,Dearborn,,,OSM,40
China Town,restaurant,42.3181821,-83.2236582,,Windsor,,,OSM,40
Fuddruckers,restaurant,42.3180052,-83.2237494,,Windsor,,,OSM,40
Ollie's Lebanese Cuisine,restaurant,42.3281047,-83.2033589,16351 Ford Road,Dearborn,,,OSM,40
Jet's Pizza,restaurant,42.352723,-83.0698916,,Windsor,,,OSM,40
Papa's Pizza,restaurant,42.365303,-83.087529,,Windsor,,,OSM,40
Middle Eats,restaurant,42.4925909,-83.2228972,27651 Southfield Road,Lathrup Village,,,OSM,40
Kirchenwirt,restaurant,42.3492362,-83.0528926,,Windsor,,,OSM,40
Maestro Pizza,restaurant,42.2968729,-82.9912226,2421 Walker Road,Windsor,,,OSM,40
Detroit Dogs,restaurant,42.4865079,-83.1456274,200 West 5th Street,Royal Oak,,,OSM,40
Da Luigi,restaurant,42.4867727,-83.14636,415 South Washington Avenue,Royal Oak,,,OSM,40
Ronin,restaurant,42.4873376,-83.1476107,326 West 4th Street,Royal Oak,,,OSM,40
D'amatos,restaurant,42.4878252,-83.1470153,222 Sherman Drive,Royal Oak,,,OSM,40
Simon's Prime Burger,restaurant,42.3179194,-83.039105,,Windsor,,,OSM,40
Shawarma Palace,restaurant,42.3178252,-83.0390353,,Windsor,,,OSM,40
Chanoso's,restaurant,42.3177648,-83.039388,,Windsor,,,OSM,40
Punjaabi Indian Cuisine,restaurant,42.3177985,-83.0394081,,Windsor,,,OSM,40
Royal Paan,restaurant,42.3178311,-83.0394282,,Windsor,,,OSM,40
Mack Ave Diner,restaurant,42.4297903,-82.9095241,,Windsor,,,OSM,40
Guns & Butter,restaurant,42.3346546,-83.0458297,1301 Broadway Street,Detroit,,,OSM,40
Big Boy,restaurant,42.4656394,-82.9581465,South Gratiot Avenue,Windsor,,,OSM,40
Effin Egg,restaurant,42.3504073,-83.0632328,,Windsor,,,OSM,40
Happy's Pizza,restaurant,42.4917408,-83.1048107,,Windsor,,,OSM,40
Plaza Deli,restaurant,42.4260875,-83.1610142,,Windsor,,,OSM,40
Hamtramck Coney Island,restaurant,42.3969428,-83.0581043,9741 Joseph Campau Street,Hamtramck,,,OSM,40
Campau Tower,restaurant,42.3995916,-83.0598177,10337 Joseph Campau Street,Hamtramck,,,OSM,40
China House,restaurant,42.3189474,-83.0976167,,Windsor,,,OSM,40
Starter's Bar and Grille,restaurant,42.3540119,-83.0628116,,Windsor,,,OSM,40
Clique Restaurant,restaurant,42.3332723,-83.0335176,East Jefferson Avenue,Detroit,,,OSM,40
Mario's,restaurant,42.3502132,-83.0658135,,Windsor,,,OSM,40
Detroit One Coney Island,restaurant,42.3457613,-83.0570793,3433 Woodward Avenue,Detroit,,,OSM,40
Peterboro,restaurant,42.3442992,-83.0606137,,Windsor,,,OSM,40
Pho Lucky,restaurant,42.3444618,-83.0561941,3111 Woodward Avenue,Detroit,,,OSM,40
The Block,restaurant,42.3497675,-83.0597467,,Windsor,,,OSM,40
Farmer's Restaurant,restaurant,42.3469164,-83.0392267,,Windsor,,,OSM,40
Zef's Coney Island,restaurant,42.3455454,-83.0401403,2469 Russell Street,Detroit,,,OSM,40
Vicente's Cuban Cuisine,restaurant,42.3344738,-83.0469904,1250 Library Street,Detroit,,,OSM,40
Hellenic Restaurant,restaurant,42.4885752,-83.2406735,,Windsor,,,OSM,40
El Caribeño,restaurant,42.3108203,-83.1283389,,Windsor,,,OSM,40
Famous Tasty Chicken,restaurant,42.3130759,-83.1224198,,Windsor,,,OSM,40
Las Palmas,restaurant,42.3146458,-83.1191046,,Windsor,,,OSM,40
CedarLand,restaurant,42.3439493,-83.1711467,13007 Warren Ave,Dearborn,,,OSM,40
Marco's Pizzaria& Italian Family Eatery,restaurant,42.3061058,-82.9736566,4141 Tecumseh Road East,Windsor,,,OSM,40
Vertical,restaurant,42.3363604,-83.0474164,,Windsor,,,OSM,40
Dilla's Donuts,restaurant,42.3364274,-83.0476807,,Windsor,,,OSM,40
Lunch Time Global,restaurant,42.3307076,-83.0449477,660 Woodward Avenue,Detroit,,,OSM,40
Ale Mary's,restaurant,42.487615,-83.1444002,,Windsor,,,OSM,40
Nicky D's Coney Island,restaurant,42.416858,-83.1411812,,Windsor,,,OSM,40
Mr. Kabob Mediterranean,restaurant,42.3337028,-83.0452929,119 Monroe Street,Detroit,,,OSM,40
Central Kitchen + Bar,restaurant,42.3312511,-83.0457994,660 Woodward Avenue,Detroit,,,OSM,40
Flowers of Vietnam,restaurant,42.3201566,-83.0965034,4430 West Vernor Highway,Detroit,,,OSM,40
Al Ajami,restaurant,42.343434,-83.1875837,Chase Road,Windsor,,,OSM,40
Oyaki sushi,restaurant,42.3275605,-83.2990237,Ford Road,Windsor,,,OSM,40
Christine's Cuisine,restaurant,42.4613045,-83.1240283,,Windsor,,,OSM,40
Bistro at the River,restaurant,42.3197877,-83.0407403,,Windsor,,,OSM,40
Mabel Gray,restaurant,42.4675232,-83.1044866,23825 John R Road,Windsor,,,OSM,40
The Apparatus Room,restaurant,42.3282327,-83.0483848,250 Larned Street West,Windsor,,,OSM,40
Red Dunn Kitchen,restaurant,42.3270936,-83.0643498,1331 Trumbull Street,Windsor,,,OSM,40
Voyager,restaurant,42.4612275,-83.125928,600 Vester Street,Ferndale,,,OSM,40
M.C.'Wiches,restaurant,42.4606992,-83.1359609,172 West 9 Mile Road,Ferndale,,,OSM,40
Star of India,restaurant,42.4607648,-83.1360321,180 West 9 Mile Road,Ferndale,,,OSM,40
May's Bangkok Express,restaurant,42.4606674,-83.1372613,254 West 9 Mile Road,Ferndale,,,OSM,40
GreenSpace Cafe,restaurant,42.4604213,-83.1364977,215 West 9 Mile Road,Ferndale,,,OSM,40
M-Brew,restaurant,42.4617226,-83.1333763,177 Vester Street,Ferndale,,,OSM,40
Detroit Fleat,restaurant,42.4609483,-83.1127348,1820 East 9 Mile Road,Ferndale,,,OSM,40
Omega Hawg & Dawg Deli,restaurant,42.4637788,-83.1228825,2100 Hilton Road,Ferndale,,,OSM,40
Double EE Restaurant,restaurant,42.4613145,-83.1123794,1861 East 9 Mile Road,Ferndale,,,OSM,40
Hong Kong 1,restaurant,42.4607729,-83.1442692,750 West 9 Mile Road,Ferndale,,,OSM,40
Toast,restaurant,42.4640092,-83.1364333,23144 Woodward Avenue,Ferndale,,,OSM,40
Southern Belle's Bistro,restaurant,42.4620194,-83.1360302,22939 Woodward Avenue,Ferndale,,,OSM,40
Inyo Restaurant & Lounge,restaurant,42.4614262,-83.1356513,22871 Woodward Avenue,Ferndale,,,OSM,40
Cork Wine Pub,restaurant,42.4697854,-83.1403161,23810 North Woodward Avenue,Pleasant Ridge,,,OSM,40
Joe Schmoe's,restaurant,42.2478709,-83.0618363,5881 Malden Road,Windsor,,,OSM,40
Ima noodles,restaurant,42.3311861,-83.0739045,2015 Michigan Avenue,Windsor,,,OSM,40
New Kirin Eatery,restaurant,42.2878347,-83.0225902,2466 Dougall Avenue,Windsor,,,OSM,40
The Auburn Taverna,restaurant,42.2012015,-83.1507201,118 Sycamore Street,Wyandotte,,,OSM,40
Detroit Vegan Soul,restaurant,42.4078595,-83.2352705,19614 Grand River Avenue,Detroit,,,OSM,40
Lily's Seafood,restaurant,42.4868917,-83.14681,410 South Washington Avenue,Royal Oak,,,OSM,40
Aurora Coney Island,restaurant,42.4287475,-83.273633,,Windsor,,,OSM,40
Gold Cash Gold,restaurant,42.3315628,-83.0752579,2100 Michigan Avenue,Detroit,,,OSM,40
Folk,restaurant,42.3295223,-83.065772,1701 Trumbull Street,Detroit,,,OSM,40
Urban Ramen,restaurant,42.3520075,-83.06068,4206 Woodward Avenue,Detroit,,,OSM,40
Beyond Juice and Eatery,restaurant,42.3460052,-83.0404444,2501 Russell Street,Detroit,,,OSM,40
Rivertown Pizza Papalis,restaurant,42.3411444,-83.017114,3171 East Jefferson Avenue,Detroit,,,OSM,40
Chili Mustard Onions,restaurant,42.3476837,-83.0526846,3411 Brush Street,Detroit,,,OSM,40
Happy's Pizza,restaurant,42.3438862,-83.0084127,6412 East Jefferson Avenue,Detroit,,,OSM,40
Fu Lin,restaurant,42.3725482,-83.0981044,8677 Rosa Parks Boulevard,Detroit,,,OSM,40
Royale with Cheese,restaurant,42.3502903,-83.0635982,4163 Cass Avenue,Detroit,,,OSM,40
3 Sisters Cafe,restaurant,42.3988263,-83.103399,13214 Hamilton Avenue,Highland Park,,,OSM,40
Red Hots Coney Island,restaurant,42.4083346,-83.0970698,12 Victor Street,Highland Park,,,OSM,40
Scotty Simpson’s Fish and Chips,restaurant,42.4004618,-83.2594908,22200 Fenkell Street,Detroit,,,OSM,40
Sweet Soul Bistro,restaurant,42.4163634,-83.1817065,,Windsor,,,OSM,40
The Telway,restaurant,42.3313112,-83.1279171,6820 Michigan Avenue,detroit,,,OSM,40
Vicki’s BBQ,restaurant,42.3446492,-83.1050059,3845 West Warren Avenue,Detroit,,,OSM,40
El Taco Veloz,restaurant,42.3189881,-83.1101707,6172 Toledo Street,Detroit,,,OSM,40
El Parian,restaurant,42.3188208,-83.0998359,,Windsor,,,OSM,40
SheWolf Pastificio,restaurant,42.3480768,-83.0631174,438 Selden Street,Detroit,,,OSM,40
Townhouse,restaurant,42.3301215,-83.0452,500 Woodward Avenue,Detroit,,,OSM,40
Ham Shop Cafe,restaurant,42.3340451,-83.0442423,,Windsor,,,OSM,40
Woodward Coney,restaurant,42.3306181,-83.0456679,,Windsor,,,OSM,40
Taco Veloz,restaurant,42.3527092,-83.0666841,,Windsor,,,OSM,40
Top China 1,restaurant,42.345036,-83.0565628,3157 Woodward Avenue,Detroit,,,OSM,40
The Trolley Room,restaurant,42.3312786,-83.0506895,,Windsor,,,OSM,40
Motor City Kitchen,restaurant,42.3291837,-83.0525566,,Windsor,,,OSM,40
London Chop House,restaurant,42.3293115,-83.0475747,155 Congress Street East,Windsor,,,OSM,40
Al-Saha,restaurant,42.3442171,-83.1827541,,Windsor,,,OSM,40
Standby,restaurant,42.3347603,-83.0470636,,Windsor,,,OSM,40
Joe Muer Seafood,restaurant,42.328291,-83.0404875,Detroit,Detroit,,,OSM,40
BESA,restaurant,42.3304601,-83.0455006,,Windsor,,,OSM,40
Anita's Kitchen,restaurant,42.328801,-83.0462637,,Windsor,,,OSM,40
The District Grill,restaurant,42.3284884,-83.0468597,Detroit,Detroit,,,OSM,40
Pekin Chinese Food,restaurant,42.3466282,-83.0039276,6905 East Jefferson Avenue,Detroit,,,OSM,40
Belle Isle Pizza,restaurant,42.3510866,-82.9957766,7869 East Jefferson Avenue,Detroit,,,OSM,40
Palace Pizza,restaurant,42.3790565,-82.9794883,11207 Mack Avenue,Detroit,,,OSM,40
Frenchies,restaurant,42.3588258,-82.998357,8100 Kercheval Street,Detroit,,,OSM,40
Do Good Deli,restaurant,42.3108209,-83.0350159,875 Ouellette Avenue,Windsor,,,OSM,40
Hummus & Garlic,restaurant,42.2005736,-83.1793582,3183 Fort Street,Wyandotte,,,OSM,40
Lola Mae's Bistro & Bar,restaurant,42.3872588,-83.1973139,15420 Schoolcraft Street,Detroit,,,OSM,40
Lavish Bar & Grill,restaurant,42.3895168,-83.1974029,14104 Greenfield Road,Detroit,,,OSM,40
Clean Plates,restaurant,42.4604815,-83.1355094,149 West 9 Mile Road,Ferndale,,,OSM,40
Hamlin Corner,restaurant,42.4913567,-83.1441451,,Windsor,,,OSM,40
Strada,restaurant,42.4911139,-83.1441372,,Windsor,,,OSM,40
Detroit Taco Company,restaurant,42.490749,-83.1431498,,Windsor,,,OSM,40
Antihero,restaurant,42.4604528,-83.1364173,231 West 9 Mile Road,Windsor,,,OSM,40
Blaze Pizza,restaurant,42.4893663,-83.1445923,,Windsor,,,OSM,40
Grey Ghost,restaurant,42.3451498,-83.0556733,47 Watson Street,Detroit,,,OSM,40
Warda Pâtisserie,restaurant,42.3502635,-83.0613451,,Windsor,,,OSM,40
Bangkok Cafe,restaurant,42.4603669,-83.1385468,,Windsor,,,OSM,40
Evergreen Fish Express,restaurant,42.3393027,-83.2350463,,Windsor,,,OSM,40
Olga's Kitchen,restaurant,42.2809127,-83.2087466,,Windsor,,,OSM,40
The Great Greek Mediterranean Grill,restaurant,42.282818,-83.2038049,,Windsor,,,OSM,40
Pizza Hut,restaurant,42.4053357,-82.9325845,16835 East Warren Avenue,Detroit,,,OSM,40
Mahjara Grille,restaurant,42.3039395,-83.251803,,Windsor,,,OSM,40
Sake Sushi,restaurant,42.4870094,-83.1443944,410 South Main Street,Royal Oak,,,OSM,40
Mediterranean Street Food,restaurant,42.3517077,-83.0610546,,Windsor,,,OSM,40
Pho Mango,restaurant,42.2882765,-83.0571893,,Windsor,,,OSM,40
Johnson's Restaurant,restaurant,42.2635335,-82.9682187,,Windsor,,,OSM,40
Eastern Flavours,restaurant,42.2616941,-82.967493,,Windsor,,,OSM,40
Dan Dan Asian Diner,restaurant,42.2592585,-82.9658315,4140 Walker Road,Windsor,,,OSM,40
Cora,restaurant,42.2573471,-82.9645389,4328 Walker Road,Windsor,,,OSM,40
Pho Windsor,restaurant,42.2555127,-82.9631444,,Windsor,,,OSM,40
Tenko Sushi,restaurant,42.2550161,-82.9632007,,Windsor,,,OSM,40
Gul Gul Lebanese & Turkish Cuisine,restaurant,42.310939,-82.9424893,Tecumseh Road East,Windsor,,,OSM,40
Stacks,restaurant,42.3165367,-82.9312092,,Windsor,,,OSM,40
Tandoori Taste of India,restaurant,42.3137105,-82.9194217,,Windsor,,,OSM,40
The Canadian Brewhouse,restaurant,42.2752411,-83.0040373,,Windsor,,,OSM,40
Mandarin,restaurant,42.273576,-83.0026724,,Windsor,,,OSM,40
Moxie's,restaurant,42.2737554,-83.0002724,,Windsor,,,OSM,40
Cramdon's,restaurant,42.2749931,-83.0134532,,Windsor,,,OSM,40
Southside Bar & Grill,restaurant,42.2727766,-83.0133076,,Windsor,,,OSM,40
Szechuan Kitchen,restaurant,42.2722812,-83.0139583,,Windsor,,,OSM,40
Kitchen of Michael Anthony,restaurant,42.2719759,-83.0117864,,Windsor,,,OSM,40
John Max Sports & Wings,restaurant,42.2689262,-83.0097791,,Windsor,,,OSM,40
Paramount Fine Foods,restaurant,42.2693409,-83.0100418,,Windsor,,,OSM,40
Toscana,restaurant,42.2556582,-83.0031306,,Windsor,,,OSM,40
Spago,restaurant,42.2569303,-83.0027777,,Windsor,,,OSM,40
Tarboush,restaurant,42.2565919,-83.0028271,,Windsor,,,OSM,40
Iguna Sushi Bar,restaurant,42.2563786,-83.0024253,,Windsor,,,OSM,40
Zo's Good Burger,restaurant,42.3672602,-83.0806124,2894 West Grand Boulevard,Detroit,,,OSM,40
La Lanterna,restaurant,42.3330455,-83.0490314,1224,Windsor,,,OSM,40
Freshii,restaurant,42.4878803,-83.1444412,,Windsor,,,OSM,40
Fong's Villa,restaurant,42.3118882,-82.8756381,,Windsor,,,OSM,40
Armando's Pizzeria,restaurant,42.3116391,-82.8723588,,Windsor,,,OSM,40
Simply Thai,restaurant,42.313167,-82.8704972,,Windsor,,,OSM,40
Village Kitchen,restaurant,42.3137454,-82.8670696,,Windsor,,,OSM,40
Beijing House,restaurant,42.3138483,-82.8684977,,Windsor,,,OSM,40
Swiss Chalet,restaurant,42.3110689,-82.8686897,,Windsor,,,OSM,40
Fratelli Pasta Grill,restaurant,42.3102776,-82.8711838,,Windsor,,,OSM,40
Capri Pizzeria,restaurant,42.3068224,-82.8662949,,Windsor,,,OSM,40
Windsor Palace,restaurant,42.3080839,-82.8686085,,Windsor,,,OSM,40
Antonio's,restaurant,42.3071111,-82.8712238,,Windsor,,,OSM,40
Cara Pasta,restaurant,42.3067329,-82.8686927,,Windsor,,,OSM,40
Kelsey's,restaurant,42.3067571,-82.8689495,,Windsor,,,OSM,40
Gar Won,restaurant,42.3094282,-82.9562214,,Windsor,,,OSM,40
Gatsy's,restaurant,42.305901,-82.9748226,,Windsor,,,OSM,40
Li's,restaurant,42.3053975,-82.9792656,,Windsor,,,OSM,40
Pat and Hanks,restaurant,42.3039769,-82.9849054,,Windsor,,,OSM,40
Bamboo Chinese Eatery,restaurant,42.3036397,-82.986655,,Windsor,,,OSM,40
QQ Restaurant & Lounge,restaurant,42.3029425,-82.992215,,Windsor,,,OSM,40
Uptown,restaurant,42.2977996,-83.0163034,,Windsor,,,OSM,40
Gyros & More,restaurant,42.2980371,-83.0209511,,Windsor,,,OSM,40
Napoli Pizza,restaurant,42.2977606,-83.0191563,,Windsor,,,OSM,40
Eddy's Mediterranean Bistro,restaurant,42.297805,-83.0188829,,Windsor,,,OSM,40
Mi Mi Gardens,restaurant,42.2978997,-83.0184235,,Windsor,,,OSM,40
The Lumberjack,restaurant,42.2974625,-83.0171743,,Windsor,,,OSM,40
Thai Lan Xang,restaurant,42.2855928,-83.0132094,,Windsor,,,OSM,40
Orient Grill,restaurant,42.2482608,-83.061619,,Windsor,,,OSM,40
Koi Sushi,restaurant,42.2489631,-83.0618222,,Windsor,,,OSM,40
The G.o.a.t.,restaurant,42.2489675,-83.0615107,,Windsor,,,OSM,40
Applebee's,restaurant,42.27595,-83.0514946,,Windsor,,,OSM,40
Akasaka,restaurant,42.2875897,-83.0251549,,Windsor,,,OSM,40
Devonshire Restaurant,restaurant,42.2830196,-83.0111696,,Windsor,,,OSM,40
Happy Garden,restaurant,42.2461909,-83.06113,,Windsor,,,OSM,40
Nick the Greek,restaurant,42.3345064,-82.9372977,,Windsor,,,OSM,40
Marukin Steak & Sushi,restaurant,42.3346863,-82.9384824,,Windsor,,,OSM,40
Deb's Place,restaurant,42.2668953,-83.0269361,,Windsor,,,OSM,40
Oven 360,restaurant,42.2679281,-83.0264008,,Windsor,,,OSM,40
La Rucola,restaurant,42.3057709,-82.8839411,,Windsor,,,OSM,40
Tabouli,restaurant,42.305815,-82.8835896,,Windsor,,,OSM,40
Blue Sky Garden,restaurant,42.305846,-82.8832639,,Windsor,,,OSM,40
Baker's Bar & Grill,restaurant,42.3285148,-82.9696669,,Windsor,,,OSM,40
Vito's Pizzeria,restaurant,42.3219973,-83.0145393,1731 Wyandotte Street East,Windsor,,,OSM,40
Pomegranate,restaurant,42.3333801,-82.9450767,,Windsor,,,OSM,40
Roma's Pizza House,restaurant,42.3330387,-82.9448675,,Windsor,,,OSM,40
Sandy's,restaurant,42.3313874,-82.9536444,,Windsor,,,OSM,40
The Twisted Apron,restaurant,42.3230229,-83.0125327,,Windsor,,,OSM,40
Etta's Greeklish Eatery,restaurant,42.3290242,-82.9654319,,Windsor,,,OSM,40
Capone's,restaurant,42.3290785,-82.9667457,,Windsor,,,OSM,40
Riviera Pizza,restaurant,42.3288348,-82.9680119,,Windsor,,,OSM,40
Palenque,restaurant,42.3265688,-82.9798528,,Windsor,,,OSM,40
Louis Restaurant,restaurant,42.3265511,-82.9799298,,Windsor,,,OSM,40
Perfetto Bistro,restaurant,42.3263475,-82.9793093,,Windsor,,,OSM,40
Little Foot Food,restaurant,42.3006784,-83.0047768,1404 Tecumseh Road East,Windsor,,,OSM,40
Sweetwater Express,restaurant,42.4162424,-83.2018388,15640 West McNichols Road,Detroit,,,OSM,40
Michigan & Trumbull Pizza,restaurant,42.3319398,-83.0666647,1441 West Elizabeth Street,Detroit,,,OSM,40
Highlands,restaurant,42.3289529,-83.0397403,Renaissance Drive West,Detroit,,,OSM,40
Walker Grill,restaurant,42.3147013,-83.0016441,,Windsor,,,OSM,40
Walkerville Eatery,restaurant,42.3205176,-83.0066182,,Windsor,,,OSM,40
New Hunan,restaurant,42.2261223,-83.2285354,11175 Allen Road,Southgate,,,OSM,40
Southgate Pizza Kitchen,restaurant,42.2130355,-83.2029978,14625 Northline Road,Southgate,,,OSM,40
New China Inn,restaurant,42.2130102,-83.2041452,14709 Northline Road,Southgate,,,OSM,40
La Palma,restaurant,42.3536172,-83.0596101,,Windsor,,,OSM,40
Dynasty Bar and Restaurant,restaurant,42.3997165,-82.981854,,Windsor,,,OSM,40
Buffalo Wild Wings,restaurant,42.3343028,-83.0446953,1216 Randolph Street,Detroit,,,OSM,40
Frame,restaurant,42.4678525,-83.1046002,23839 John R Road,Hazel Park,,,OSM,40
Grinder Zee of Hazel Park,restaurant,42.4603906,-83.1033116,22822 John R Road,Hazel Park,,,OSM,40
Phulkari Punjabi Kitchen,restaurant,42.4967981,-83.0858911,27707 Dequindre Road,Madison Heights,,,OSM,40
Toarmina's Pizza Madison Hgts,restaurant,42.496848,-83.0859401,27723 Dequindre Road,Madison Heights,,,OSM,40
LeCulture Detroit,restaurant,42.3367808,-83.0451767,1452 Brush Street,Detroit,,,OSM,40
Basement Burger Bar,restaurant,42.3356381,-83.0443861,1326 Brush Street,Detroit,,,OSM,40
Le Petit Zinc,restaurant,42.3259262,-83.0631549,1055 Trumbull Street,Detroit,,,OSM,40
Fish and Chicken,restaurant,42.3845001,-83.2754996,13550 Telegraph Drive,Redford,,,OSM,40
Steve's Soul Food,restaurant,42.3329104,-83.0308194,1438 Franklin Street,Detroit,,,OSM,40
Casings & Twine,restaurant,42.3453932,-83.0370012,1528 Gratiot Avenue,Detroit,,,OSM,40
Downtown Louie's,restaurant,42.3347883,-83.0501095,30 Clifford Street,Detroit,,,OSM,40
Little Joe's Coney Island Restaurant,restaurant,42.4635753,-82.9866457,,Windsor,,,OSM,40
Major Tomato,restaurant,42.2583103,-83.2078894,,Windsor,,,OSM,40
The Vault,restaurant,42.202313,-83.1502285,,Windsor,,,OSM,40
Leo's Coney Island,restaurant,42.2354241,-83.2687886,,Windsor,,,OSM,40
Sweetwater Tavern,restaurant,42.3318173,-83.0418239,400 East Congress Street,Detroit,,,OSM,40
Freshii,restaurant,42.3319208,-83.0477309,1001 Woodward Avenue,Detroit,,,OSM,40
Z Shawarma King,restaurant,42.2597651,-83.2070952,,Windsor,,,OSM,40
44 Burrito,restaurant,42.4865166,-83.2211646,29067 Southfield Road,Lathrup Village,,,OSM,40
Frida Mexican Cuisine,restaurant,42.3044794,-83.2490176,22053 Michigan Avenue,Dearborn,,,OSM,40
O'sushi Seafood Bar & Grill,restaurant,42.3042075,-83.2519041,,Windsor,,,OSM,40
Aria's Brick Oven Pizzeria,restaurant,42.2230251,-83.193769,,Windsor,,,OSM,40
Manhattan Fish and Chips,restaurant,42.3840907,-82.967374,3800 Conner Street,Detroit,,,OSM,40
Mexican Village,restaurant,42.3254049,-83.0784667,2600 Bagley Street,Detroit,,,OSM,40
Tamaleria Neuvo Leon,restaurant,42.326302,-83.0800986,2669 West Vernor Highway,Detroit,,,OSM,40
Jet's Pizza,restaurant,42.3421516,-83.0119557,East Jefferson Avenue,Windsor,,,OSM,40
Poohs Perfect Potato,restaurant,42.3625036,-83.0043457,,Windsor,,,OSM,40
Prime + Proper,restaurant,42.332387,-83.0491652,,Windsor,,,OSM,40
Heritage Coney Island,restaurant,42.2116352,-83.2536513,,Windsor,,,OSM,40
Takoi,restaurant,42.3316055,-83.0808434,2520 Michigan Avenue,Detroit,,,OSM,40
BARDA,restaurant,42.3484579,-83.0880478,4848 Grand River Avenue,Detroit,,,OSM,40
India 47,restaurant,42.3056612,-82.8844547,1640 Lesperance Road,Windsor,,,OSM,40
Demi's Restaurant & Bar,restaurant,42.4286489,-83.2789658,24201 7 Mile Road,Detroit,,,OSM,40
Sahara Restaurant and Grill,restaurant,42.4733582,-83.1820145,,Windsor,,,OSM,40
Mad Crab,restaurant,42.4732525,-83.180609,,Windsor,,,OSM,40
Blaze Pizza,restaurant,42.4990281,-83.2843744,28674 Telegraph Road,Windsor,,,OSM,40
Shish Kabob,restaurant,42.4990301,-83.2842297,28682 Telegraph Road,Southfield,,,OSM,40
Flaming Wok,restaurant,42.4990323,-83.2841493,,Windsor,,,OSM,40
Pastaio,restaurant,42.4865056,-83.1458413,208 West 5th Street,Royal Oak,,,OSM,40
Le Crepe,restaurant,42.4875293,-83.1464049,317 South Washington Avenue,Royal Oak,,,OSM,40
Oak House Deli,restaurant,42.4853814,-83.1461016,603 South Washington Avenue,Royal Oak,,,OSM,40
Iron Horse,restaurant,42.487342,-83.1473526,316 West 4th Street,Royal Oak,,,OSM,40
Imaginate,restaurant,42.4870072,-83.1476429,,Windsor,,,OSM,40
Toyko Sushi,restaurant,42.4875677,-83.1452514,,Windsor,,,OSM,40
Oak City Grille,restaurant,42.4856426,-83.1460098,,Windsor,,,OSM,40
Hammer & Nail,restaurant,42.3495909,-83.0587797,3800 Woodward Avenue,Detroit,,,OSM,40
Supino Pizza,restaurant,42.3693492,-83.0730275,6519 Woodward Avenue,Detroit,,,OSM,40
Union Assembly,restaurant,42.3380556,-83.0519476,,Windsor,,,OSM,40
Jet's Pizza,restaurant,42.2278615,-83.2534542,22314 Goddard Road,Windsor,,,OSM,40
Websters,restaurant,42.2552696,-83.2884233,,Windsor,,,OSM,40
Elephant,restaurant,42.332247,-83.0413497,439;441 East Congress Street,Detroit,,,OSM,40
Pho Chopstix,restaurant,42.4957929,-83.2830456,28308 Telegraph Road,Windsor,,,OSM,40
La Finca Mexican Restaurant,restaurant,42.2406554,-83.1797167,3073 Fort Street,Lincoln Park,,,OSM,40
Crab House,restaurant,42.4931042,-83.0283082,,Windsor,,,OSM,40
Spicy Thailand,restaurant,42.4929485,-83.0283011,,Windsor,,,OSM,40
The Royal Oak Brewery,restaurant,42.4874481,-83.1423009,215 East 4th Street,Royal Oak,,,OSM,40
Pizza Connection,restaurant,42.455103,-83.1037692,21727 John R Road,Hazel Park,,,OSM,40
Cadieux Cafe,restaurant,42.4015612,-82.9266038,4300 Cadieux Road,Detroit,,,OSM,40
Robert's Coney Island,restaurant,42.4349795,-82.9945275,12701 East 7 Mile Road,Detroit,,,OSM,40
R & D One Stop Meals,restaurant,42.434712,-83.003143,11811 East 7 Mile Road,Detroit,,,OSM,40
Cobb's Corner,restaurant,42.3506152,-83.0638002,4201 Cass Avenue,Windsor,,,OSM,40
Orange King,restaurant,42.3416885,-83.1770043,6929 Schaefer Road,Dearborn,,,OSM,40
L Georges Coney Island,restaurant,42.3432139,-83.2105444,16835 West Warren Avenue,Detroit,,,OSM,40
Alnawras,restaurant,42.310691,-83.1525021,,Windsor,,,OSM,40
Sundried Tomato Bistro,restaurant,42.3181598,-83.0407368,,Windsor,,,OSM,40
The California Sushi,restaurant,42.3173605,-83.0404486,,Windsor,,,OSM,40
Sitara Authentic Indian Cuisine,restaurant,42.3140913,-83.0381493,,Windsor,,,OSM,40
Syd's Sandwich Co,restaurant,42.3162563,-83.0396258,,Windsor,,,OSM,40
Nick's Gaslight,restaurant,42.3338464,-83.0531316,441 Grand River Avenue,Detroit,,,OSM,40
the.dotte,restaurant,42.3290486,-82.9683239,,Windsor,,,OSM,40
Steak N Shawarma,restaurant,42.3185017,-83.0391217,,Windsor,,,OSM,40
Sheeba,restaurant,42.3061749,-83.2450408,22048 Michigan Avenue,Dearborn,,,OSM,40
Thyme Kitchen,restaurant,42.3193514,-83.039954,,Windsor,,,OSM,40
Comet Burgers,restaurant,42.4886845,-83.144011,311 South Main Street,Royal Oak,,,OSM,40
Kerby's Koney Island,restaurant,42.4817131,-83.2864269,,Windsor,,,OSM,40
Omega Coney Island,restaurant,42.3655728,-83.1969805,9500 Greenfield Road,Detroit,,,OSM,40
Fionn MacCool's Windsor,restaurant,42.3160853,-83.0378964,,Windsor,,,OSM,40
The Carvery,restaurant,42.3204221,-83.0187829,1301 Wyandotte Street East,Windsor,,,OSM,40
Avanti,restaurant,42.3095954,-83.0122034,1317 Hall Avenue,Windsor,,,OSM,40
24 Grille,restaurant,42.331515,-83.0506691,,Windsor,,,OSM,40
Shield's Pizzeria & Bar,restaurant,42.3574638,-83.0649802,,Windsor,,,OSM,40
Caribbean Citchen,restaurant,42.417071,-83.1661352,10500 West McNichols Road,Detroit,,,OSM,40
Cucina 360,restaurant,42.3182296,-83.040117,,Windsor,,,OSM,40
Chatham St Diner,restaurant,42.3182573,-83.0386029,,Windsor,,,OSM,40
TOAST,restaurant,42.3122956,-83.0239865,653 Erie Street,Windsor,,,OSM,40
The Balkan House,restaurant,42.4002627,-83.0582715,3028 Caniff Street,Windsor,,,OSM,40
Motown Coney Island,restaurant,42.4464421,-83.0818877,1936 East 8 Mile Road,Detroit,,,OSM,40
Spago's,restaurant,42.3125343,-83.0241519,,Windsor,,,OSM,40
Mezcal Mexican Bar & Kitchen,restaurant,42.4607691,-83.1325847,201 East 9 Mile Road,Windsor,,,OSM,40
Funky Chow Kitchen,restaurant,42.323575,-83.0113547,,Windsor,,,OSM,40
Chef Greg's Soul-n-the-Wall,restaurant,42.4239313,-83.1610311,10009 Curtis Avenue,Detroit,,,OSM,40
Riverside Coney Island,restaurant,42.2412803,-83.145148,4460 West Jefferson Avenue,Ecorse,,,OSM,40
Angelo's Coney Grill,restaurant,42.2153237,-83.1503802,1832 Biddle Avenue,Wyandotte,,,OSM,40
World Marathon Ethiopian,restaurant,42.317526,-83.0396542,,Windsor,,,OSM,40
Rib Cage,restaurant,42.435352,-82.9719692,14633 East 7 Mile Road,Detroit,,,OSM,40
Kwong Tung Inn,restaurant,42.4469371,-83.0721824,3040 East 8 Mile Road,Detroit,,,OSM,40
Rock City Eats & Sweets,restaurant,42.3933896,-83.0067987,9701 Harper Avenue,Detroit,,,OSM,40
BBQ Central,restaurant,42.4313225,-83.1774487,13300 West 7 Mile Road,Detroit,,,OSM,40
Mootz,restaurant,42.33432,-83.0466641,,Windsor,,,OSM,40
Mi Casita Restaurant & Bar,restaurant,42.3161633,-83.030562,,Windsor,,,OSM,40
Shawarma Kingdom & hot spot,restaurant,42.3156753,-83.0376503,460 Ouellette Avenue,Windsor,,,OSM,40
"Pollos ""Los Gallos""",restaurant,42.316462,-83.122187,7135 Dix Street,Detroit,,,OSM,40
Estilo Casero,restaurant,42.3166807,-83.1240376,,Windsor,,,OSM,40
Taqueria Mi Pueblo Mexican Restaurant,restaurant,42.3170969,-83.1241735,7278 Dix Street,Detroit,,,OSM,40
Mandee's Jazz Café,restaurant,42.4192217,-83.0636379,17132 Conant Street,Detroit,,,OSM,40
Colombo's Coney Island,restaurant,42.3182734,-83.1010839,5414 West Vernor Highway,Detroit,,,OSM,40
El Palenque,restaurant,42.3182168,-83.101232,,Windsor,,,OSM,40
Galata Turkish Sweets,restaurant,42.3052103,-83.2456425,,Windsor,,,OSM,40
Modern Greek and Salad Bar,restaurant,42.3058128,-83.2446257,,Windsor,,,OSM,40
Blue Fish Asian Cuisine,restaurant,42.3057344,-83.2448946,,Windsor,,,OSM,40
Antonino's Original Pizza,restaurant,42.3282861,-82.9712522,,Windsor,,,OSM,40
Big Moe's Kitchen,restaurant,42.3235639,-83.1703538,,Windsor,,,OSM,40
La Esquinita,restaurant,42.3086508,-83.1146238,,Windsor,,,OSM,40
Nicky D's Coney Island,restaurant,42.4180045,-83.262287,22365 Grand River Avenue,Detroit,,,OSM,40
Royal BBQ,restaurant,42.3776241,-83.0319953,5844 Mount Elliott Street,Detroit,,,OSM,40
Blues Restaurant,restaurant,42.3821913,-83.1148141,11611 Linwood Avenue,Detroit,,,OSM,40
Omega Grill,restaurant,42.4012939,-83.2190026,18130 Fenkell Street,Detroit,,,OSM,40
Pizza Place,restaurant,42.329198,-83.2229363,18706 Ford Road,Detroit,,,OSM,40
Red Robin,restaurant,42.3292282,-83.2224109,18650 Ford Road,Detroit,,,OSM,40
Lonestar Catering,restaurant,42.3912155,-82.9699409,12700 East Warren Avenue,Detroit,,,OSM,40
Chita's Nefertiti Bar,restaurant,42.3950002,-83.2034316,15942 Grand River Avenue,Detroit,,,OSM,40
Bone Bar.B.Q,restaurant,42.4002409,-83.2530278,21467 Fenkell Street,Detroit,,,OSM,40
Jamaican Me Hungry 313,restaurant,42.3608134,-83.157628,8910 Wyoming Street,Detroit,,,OSM,40
My Shawarma,restaurant,42.3413505,-83.1765124,6900 Schaefer Road,Windsor,,,OSM,40
Alagha Chicken,restaurant,42.3267825,-83.2937179,,Windsor,,,OSM,40
Park Restaurant,restaurant,42.2513491,-83.1755271,1681 Fort Street,Lincoln Park,,,OSM,40
Taza de Cafe,restaurant,42.2518666,-83.1761728,1674 Fort Street,Lincoln Park,,,OSM,40
Chartreuse Kitchen & Cocktails,restaurant,42.3602726,-83.0663314,,Windsor,,,OSM,40
Wright & Company,restaurant,42.3352449,-83.0489426,,Windsor,,,OSM,40
Curbside Soul Food,restaurant,42.3904029,-83.1204879,,Windsor,,,OSM,40
The Sleepy Potato,restaurant,42.3839206,-83.1396606,12863 Livernois Avenue,Detroit,,,OSM,40
Hong Moy,restaurant,42.386703,-83.0251215,7415 Harper Avenue,Detroit,,,OSM,40
E & S Carry Out,restaurant,42.4168039,-83.1776198,,Windsor,,,OSM,40
Pink Garlic,restaurant,42.4877568,-83.1837687,26661 Coolidge Highway,Oak Park,,,OSM,40
poke poke,restaurant,42.4949512,-83.1838749,2485 Coolidge Highway,Berkley,,,OSM,40
Abe's Bakery and Pizza,restaurant,42.3431641,-83.2094883,,Windsor,,,OSM,40
Hillside Chicken & Waffles,restaurant,42.4190213,-83.051881,5101 East Davison Street,Hamtramck,,,OSM,40
Three Star Bar-B-Q,restaurant,42.404174,-83.0631195,11941 Joseph Campau Street,Hamtramck,,,OSM,40
Remas,restaurant,42.4014157,-83.0605673,11444 Joseph Campau Street,Hamtramck,,,OSM,40
Dragon's Inn Restaurant,restaurant,42.3059127,-83.0613637,,Windsor,,,OSM,40
BiBim to Go,restaurant,42.3056704,-83.0606964,,Windsor,,,OSM,40
Saigon House,restaurant,42.3056995,-83.0606199,,Windsor,,,OSM,40
Supergeil,restaurant,42.3315399,-83.0800729,2442 Michigan Avenue,Detroit,,,OSM,40
Caper's,restaurant,42.4405622,-82.9737408,14726 Gratiot Avenue,Detroit,,,OSM,40
Chan's,restaurant,42.4381811,-82.9759489,14537 Gratiot Avenue,Detroit,,,OSM,40
Q-Tea,restaurant,42.3016767,-83.075121,,Windsor,,,OSM,40
Sugar Factory,restaurant,42.33242,-83.0464053,,Windsor,,,OSM,40
Pao,restaurant,42.3363711,-83.0528255,,Windsor,,,OSM,40
Little Ceasers,restaurant,42.4915999,-83.1837751,2051 Coolidge Highway,Berkley,,,OSM,40
The Golden Bowl,restaurant,42.4584482,-83.1804874,22120 Coolidge Highway,Oak Park,,,OSM,40
D. Prime Steakhouse,restaurant,42.3327906,-83.0603633,,Windsor,,,OSM,40
Bubbles & Cream,restaurant,42.2675607,-83.026362,1349 Grand Marais Road West,Windsor,,,OSM,40
Turkish Village,restaurant,42.3062255,-83.2433008,21931 Michigan Avenue,Dearborn,,,OSM,40
Poke Poke,restaurant,42.30616,-83.2435941,21931 Michigan Avenue,Dearborn,,,OSM,40
Filli,restaurant,42.3053221,-83.2486021,22220 Michigan Avenue,Dearborn,,,OSM,40
Tiliani Italian Kitchen & Bar,restaurant,42.3042743,-83.2513806,1002 South Military Street,Dearborn,,,OSM,40
Gateaux,restaurant,42.3041034,-83.2513078,,Windsor,,,OSM,40
The Jagged Fork,restaurant,42.499589,-83.2228502,,Windsor,,,OSM,40
Thai Wai Restaurant,restaurant,42.2582551,-83.2080373,,Windsor,,,OSM,40
Chuck E. Cheese,restaurant,42.297927,-83.2739962,,Windsor,,,OSM,40
Owl Night Lunch Stand,restaurant,42.3066198,-83.2293142,,Windsor,,,OSM,40
Coeur,restaurant,42.4606633,-83.1387788,,Windsor,,,OSM,40
Bakehouse 46,restaurant,42.4603223,-83.1382545,,Windsor,,,OSM,40
The Balkan House,restaurant,42.4606598,-83.1385003,,Windsor,,,OSM,40
Buffalo Wild Wings GO,restaurant,42.2347662,-83.2688457,,Windsor,,,OSM,40
Rocky's Chinese Food,restaurant,42.2278455,-83.2537442,22322 Goddard Road,Windsor,,,OSM,40
Malek Al-Kabob,restaurant,42.226539,-83.253935,22371 Goddard Road,Taylor,,,OSM,40
Bai Mai Thai,restaurant,42.3385125,-83.0330064,,Windsor,,,OSM,40
Urban Soul Restaurant,restaurant,42.3384248,-83.0329487,,Windsor,,,OSM,40
Albanian Eagle,restaurant,42.3124526,-83.0234752,707 Erie Street,Windsor,,,OSM,40
Buff's Pizza,restaurant,42.3294289,-83.1608723,,Windsor,,,OSM,40
The Original Pancake House,restaurant,42.4728037,-83.2349557,,Windsor,,,OSM,40
Pink Garlic,restaurant,42.2563497,-83.2256931,18625 Ecorse Road,Windsor,,,OSM,40
Wishbone Broasted Chicken,restaurant,42.2563602,-83.2255334,18617 Ecorse Road,Windsor,,,OSM,40
Blazin' Shawarma,restaurant,42.2318554,-83.2685756,10271 Telegraph Road,Taylor,,,OSM,40
Piccolo's,restaurant,42.292816,-83.0526689,,Windsor,,,OSM,40
Toor Biriyni Flame,restaurant,42.2950574,-83.0491214,,Windsor,,,OSM,40
Fish and Chicken,restaurant,42.3918311,-83.1262481,,Windsor,,,OSM,40
Opyum Soul,restaurant,42.4189655,-83.277884,,Windsor,,,OSM,40
Adelina,restaurant,42.3328988,-83.0474488,,Windsor,,,OSM,40
Michigan & Trumbull Pizza,restaurant,42.3627953,-83.0829611,1331 Holden Street,Detroit,,,OSM,40
7am Breakfast & Lunch,restaurant,42.3083291,-82.9650294,,Windsor,,,OSM,40
Noodle Box,restaurant,42.3084263,-82.9650638,,Windsor,,,OSM,40
Tahini's,restaurant,42.3085324,-82.9651346,,Windsor,,,OSM,40
Flamz Pizzeria,restaurant,42.4031241,-82.9383674,,Windsor,,,OSM,40
Holiday Grill Coney Island,restaurant,42.3044179,-83.2581859,,Windsor,,,OSM,40
La Favorita Tienda Mexicana,restaurant,42.282006,-83.1763335,,Windsor,,,OSM,40
Scaddabush,restaurant,42.2751166,-83.0079311,3031 Howard Avenue,Windsor,,,OSM,40
Sunset Grill,restaurant,42.2823554,-83.0543253,Huron Church Road,Windsor,,,OSM,40
Sun Hong BBQ & Seafood,restaurant,42.3061483,-83.059231,Wyandotte Street West,Windsor,,,OSM,40
Boss Bagel,restaurant,42.3138089,-83.02048,Erie Street,Windsor,,,OSM,40
Nico Taverna,restaurant,42.3117014,-83.025604,Erie Street,Windsor,,,OSM,40
Firehouse Subs,restaurant,42.3129643,-82.9357169,Tecumseh Road East,Windsor,,,OSM,40
Swan Grill & Bakery,restaurant,42.2964285,-83.0467293,Tecumseh Road West,Windsor,,,OSM,40
McDonald's,restaurant,42.238054,-83.0178618,Sandwich West Parkway,Windsor,,,OSM,40
Dairy Queen Grill & Chill,restaurant,42.2382008,-83.0152413,Heritage Drive,Windsor,,,OSM,40
Tim Hortons,restaurant,42.2385786,-83.0175981,Sandwich West Parkway,Windsor,,,OSM,40
Taco Bell,restaurant,42.2388593,-83.0174854,Sandwich West Parkway,Windsor,,,OSM,40
Popeye's Louisiana Chicken,restaurant,42.308711,-82.9623617,Tecumseh Road East,Windsor,,,OSM,40
Stacked Pancake & Breakfast House,restaurant,42.2383979,-83.0159481,Sandwich West Parkway,Windsor,,,OSM,40
Press'd Sandwich Shop,restaurant,42.3089069,-82.9625828,Tecumseh Road East,Windsor,,,OSM,40
Five Guys,restaurant,42.2695912,-82.9989306,Division Road,Windsor,,,OSM,40
Jimmy John's,restaurant,42.2692783,-82.9984187,Division Road,Windsor,,,OSM,40
Dumpling Time,restaurant,42.2689722,-82.997323,Division Road,Windsor,,,OSM,40
QDOBA Mexican Eats,restaurant,42.2696701,-82.9988382,Division Road,Windsor,,,OSM,40
Chatime,restaurant,42.2697438,-82.9987014,Division Road,Windsor,,,OSM,40
Freshii,restaurant,42.2698982,-82.9984806,Division Road,Windsor,,,OSM,40
Sunset Grill,restaurant,42.2693774,-82.9983147,Division Road,Windsor,,,OSM,40
MJ's Pizza & Wings,restaurant,42.3106105,-83.0471954,904 Wyandotte Street West,Windsor,,,OSM,40
El Dorado Tacos,restaurant,42.3136918,-82.9190342,Tecumseh Road East,Windsor,,,OSM,40
V Shine Karaoke Restaurant,restaurant,42.3058425,-83.0609433,Wyandotte Street West,Windsor,,,OSM,40
Cheese Wheelz,restaurant,42.3145425,-83.0369123,Ouellette Avenue,Windsor,,,OSM,40
Republik Asian Eatery & Bar,restaurant,42.3195413,-83.0399764,Ouellette Avenue,Windsor,,,OSM,40
Naples Pizza,restaurant,42.2878437,-83.0671187,,Windsor,,,OSM,40
Naples Pizza,restaurant,42.2878425,-83.0671248,Prince Road,Windsor,,,OSM,40
The Original Pizza Plus Inc.,restaurant,42.2997257,-83.0699182,Mill Street,Windsor,,,OSM,40
Saab Sis Thai,restaurant,42.4856999,-83.1475434,,Windsor,,,OSM,40
Sunrise Coney Island,restaurant,42.2545102,-83.2590928,,Windsor,,,OSM,40
Sheeba,restaurant,42.3208973,-83.1795076,,Windsor,,,OSM,40
Alanos Eatery,restaurant,42.3209148,-83.1809284,,Windsor,,,OSM,40
Habib's Cuisine,restaurant,42.3207414,-83.1817955,14316 Michigan Avenue,Dearborn,,,OSM,40
Polish Village Café,restaurant,42.3981996,-83.0566808,2990 Yemans Street,hamtramck,,,OSM,40
Parkside Coney Island,restaurant,42.417217,-83.1156973,,Windsor,,,OSM,40
Jose’s Tacos,restaurant,42.3465873,-83.039182,2518 Market Street,Detroit,,,OSM,40
Slow's To Go,restaurant,42.349505,-83.063356,4107 Cass Avenue,Detroit,,,OSM,40
Midtown Social Club,restaurant,42.3516272,-83.0603255,,Windsor,,,OSM,40
Olin Bar & Kitchen,restaurant,42.3345617,-83.0480884,25 East Grand River Avenue,Detroit,,,OSM,40
Tommy's Detroit Bar & Grill,restaurant,42.3273077,-83.0536709,624 3rd Street,Detroit,,,OSM,40
Motor City Grill,restaurant,42.3425192,-83.0746431,,Windsor,,,OSM,40
Legends Grill,restaurant,42.3506303,-83.0934943,5210 Grand River Avenue,Detroit,,,OSM,40
Covered Bridge Concessions,restaurant,42.3042304,-83.2238996,,Windsor,,,OSM,40
Mexican Town Restaurant,restaurant,42.322856,-83.0856256,,Windsor,,,OSM,40
Los Galanes,restaurant,42.323598,-83.084661,,Windsor,,,OSM,40
El Zocalo,restaurant,42.3234497,-83.0850923,,Windsor,,,OSM,40
Miller's Bar,restaurant,42.301209,-83.2673669,,Windsor,,,OSM,40
District 12,restaurant,42.3055169,-83.2456995,22091 Michigan Avenue,Dearborn,,,OSM,40
Paris Baguette,restaurant,42.3080202,-83.2378992,21400 Michigan Avenue,Dearborn,,,OSM,40
Elmer's Steak Pit,restaurant,42.2238528,-83.1587138,606 Goddard Road,Wyandotte,,,OSM,40
Bizzy Bee Coney Island,restaurant,42.2200933,-83.1817026,12118 Fort Street,Southgate,,,OSM,40
Texas Roadhouse,restaurant,42.2004531,-83.258873,14460 Pardee Road,Taylor,,,OSM,40
Bravo,restaurant,42.3163206,-83.2218484,,Windsor,,,OSM,40
P.F. Chang's,restaurant,42.315805,-83.2217457,,Windsor,,,OSM,40
Chili's,restaurant,42.2820169,-83.2061803,3230 Fairlane Drive,Allen Park,,,OSM,40
LongHorn Steakhouse,restaurant,42.2823649,-83.2058435,3190 Fairlane Drive,Allen Park,,,OSM,40
The Greek,restaurant,42.3353694,-83.0420759,535 Monroe Street,Detroit,,,OSM,40
Tru Pizza Co,restaurant,42.2015868,-83.1504252,3144 Biddle Avenue,Wyandotte,,,OSM,40
El Comal Restaurant,restaurant,42.3220485,-83.0918326,3970 West Vernor Highway,Detroit,,,OSM,40
Peking House,restaurant,42.4884069,-83.1462417,215 South Washington Avenue,Windsor,,,OSM,40
Boukie's Grill,restaurant,42.4896215,-83.143912,105 South Main Street,Royal Oak,,,OSM,40
Little Tree Sushi Bar,restaurant,42.489538,-83.1439081,,Windsor,,,OSM,40
Chili's,restaurant,42.3296769,-83.2190049,5707 Southfield Road,Detroit,,,OSM,40
Shin Thai,restaurant,42.4835171,-83.1467622,736 South Washington Avenue,Royal Oak,,,OSM,40
New York Bagel & Deli,restaurant,42.4653914,-83.1372139,,Windsor,,,OSM,40
The Corner,restaurant,42.4607816,-83.1389983,344 West 9 Mile Road,Ferndale,,,OSM,40
The Flytrap,restaurant,42.4622127,-83.1351375,,Windsor,,,OSM,40
Pie-Sci,restaurant,42.3539737,-83.0800471,5163 Trumbull Street,Windsor,,,OSM,40
Express Mexican Eatery,restaurant,42.3055075,-83.2484207,,Windsor,,,OSM,40
Buddy's Pizza,restaurant,42.3057086,-83.247338,,Windsor,,,OSM,40
Julian's Coney Island,restaurant,42.4321354,-83.1026045,,Windsor,,,OSM,40
Jolly Pumpkin,restaurant,42.4866397,-83.1437646,419 South Main Street,Windsor,,,OSM,40
J's Cafe,restaurant,42.4121571,-83.2473949,,Windsor,,,OSM,40
The Boneyard,restaurant,42.3407962,-83.2726857,,Windsor,,,OSM,40
L. George's Coney Island,restaurant,42.357363,-83.2361701,,Windsor,,,OSM,40
Polonia,restaurant,42.3978566,-83.0576949,2934 Yemans Street,Hamtramck,,,OSM,40
US Fish and chicken,restaurant,42.3993061,-83.0597241,10301 Joseph Campau Street,Hamtramck,,,OSM,40
Burk's Igloo,restaurant,42.4019294,-83.0521016,10300 Conant Street,Hamtramck,,,OSM,40
Tequila's 2,restaurant,42.2026063,-83.149117,3033 Biddle Avenue,Wyandotte,,,OSM,40
Amicci's Pizza,restaurant,42.3223108,-83.090166,,Windsor,,,OSM,40
Evie's Tamales,restaurant,42.3232079,-83.0857897,,Windsor,,,OSM,40
Armando's,restaurant,42.3208992,-83.0947888,,Windsor,,,OSM,40
Telway Hamburger System,restaurant,42.4910589,-83.1049972,,Windsor,,,OSM,40
Oakwood Cafe,restaurant,42.2822245,-83.1753678,,Windsor,,,OSM,40
Banquets Family Restaurant,restaurant,42.3006944,-83.2694736,,Windsor,,,OSM,40
Johnny Noodle King,restaurant,42.3188777,-83.0743541,2601 West Fort Street,Detroit,,,OSM,40
Chicago's Pizza,restaurant,42.3195371,-83.098181,,Windsor,,,OSM,40
El Rey de las Arepas,restaurant,42.3352848,-83.1407929,,Windsor,,,OSM,40
Mike's Famous Ham Place,restaurant,42.3316156,-83.0944662,3700 Michigan Avenue,Detroit,,,OSM,40
Taqueria El Rey,restaurant,42.3191954,-83.098979,4730 West Vernor Highway,Detroit,,,OSM,40
Byblos Café and Grill,restaurant,42.3613431,-83.069261,87 West Palmer Avenue,Detroit,,,OSM,40
Red Lobster,restaurant,42.4848816,-83.007052,,Windsor,,,OSM,40
Rose's Fine Food,restaurant,42.3640561,-82.977362,10551 East Jefferson Avenue,Detroit,,,OSM,40
Legends Grill,restaurant,42.3663714,-82.9725541,East Jefferson Avenue,Detroit,,,OSM,40
Legends Grill,restaurant,42.3930718,-83.1212115,2525 West Davison Street,detroit,,,OSM,40
Jay Birds Bar & Grille,restaurant,42.4911302,-83.2224255,27411 Southfield Road,Lathrup Village,,,OSM,40
Detroit's Finest Coney Island,restaurant,42.371479,-82.948888,13337 East Jefferson Avenue,Detroit,,,OSM,40
Norma G's Detroit,restaurant,42.373814,-82.9413979,,Windsor,,,OSM,40
Dino's Cafe,restaurant,42.3109587,-83.1133092,,Windsor,,,OSM,40
Salpicon,restaurant,42.3095897,-83.132346,,Windsor,,,OSM,40
Giovanni's,restaurant,42.2901966,-83.1465021,,Windsor,,,OSM,40
Original Gonella's,restaurant,42.2900155,-83.1452206,,Windsor,,,OSM,40
La Terrazza,restaurant,42.3097914,-83.1306962,8445 Vernor Highway,Detroit,,,OSM,40
Panda Chinese Restaurant,restaurant,42.3117165,-83.1271685,,Windsor,,,OSM,40
J&J Coney Island Restaurant,restaurant,42.3139197,-83.1216866,7220 West Vernor Highway,Detroit,,,OSM,40
El Asador,restaurant,42.3047548,-83.1220871,,Windsor,,,OSM,40
Vince's Italian Restaurant,restaurant,42.3048995,-83.1227933,,Windsor,,,OSM,40
Mangonadas del Barrio,restaurant,42.3018003,-83.1271576,,Windsor,,,OSM,40
Bangkok 96,restaurant,42.2939595,-83.2721894,2450 S Telegraph Road,Dearborn,,,OSM,40
ella mae's place,restaurant,42.2735361,-83.1571287,,Windsor,,,OSM,40
The Fish Station,restaurant,42.2702977,-83.1608083,2640 Fort Street South,Detroit,,,OSM,40
Chuck's Roadhouse,restaurant,42.2528164,-82.9642933,,Windsor,,,OSM,40
Taka,restaurant,42.2529103,-82.9636412,,Windsor,,,OSM,40
Gus's Fried Chicken,restaurant,42.3479525,-83.0676414,4101 3rd Street,Detroit,,,OSM,40
Noni's Sherwood Grill,restaurant,42.4371784,-83.1413831,,Windsor,,,OSM,40
El Jalapeno,restaurant,42.2661703,-83.1997259,,Windsor,,,OSM,40
Fadhel Kabob,restaurant,42.2741874,-83.2711251,4900 South Telegraph Road,Dearborn Heights,,,OSM,40
Lemon Grill Indian Cuisine,restaurant,42.269357,-83.0110817,Dougall Avenue,Windsor,,,OSM,40
Sir Cedric's Fish & Chips,restaurant,42.2290484,-83.1031605,2010 Front Road,Lasalle,,,OSM,40
Hideout Bar and Grill,restaurant,42.2381869,-83.1015573,989 Front Road,Lasalle,,,OSM,40
Bull's Eye Pizza,restaurant,42.2383803,-83.1016088,979 Front Road,Lasalle,,,OSM,40
Yemen Cafe,restaurant,42.3902746,-83.0531211,8740 Joseph campau,Hamtramck,,,OSM,40
Fast Treats,restaurant,42.344342,-83.129436,,Windsor,,,OSM,40
Ahan Thai,restaurant,42.4873949,-83.1455782,200 West 4th Street,Royal Oak,,,OSM,40
Meriwhether's,restaurant,42.4758546,-83.2848767,,Windsor,,,OSM,40
Nikola's Barbeque,restaurant,42.4732903,-83.2833013,,Windsor,,,OSM,40
Shield's Restaurant Bar Pizzeria,restaurant,42.4728677,-83.2830583,,Windsor,,,OSM,40
Billy Sims BBQ,restaurant,42.4724082,-83.2827443,,Windsor,,,OSM,40
Coney Time,restaurant,42.4352431,-82.9659663,,Windsor,,,OSM,40
Romas Pizzeria & Lounge,restaurant,42.2439632,-83.1006693,221 Front Road,Lasalle,,,OSM,40
Haz Subs and Salads,restaurant,42.3254027,-83.0604334,1360 West Fort Street,Detroit,,,OSM,40
Ima,restaurant,42.3311566,-83.0739021,2015 Michigan Avenue,Detroit,,,OSM,40
Krakus,restaurant,42.40987,-83.0662371,12900 Joseph Campau Street,Detroit,,,OSM,40
Fish King,restaurant,42.4447273,-83.0824525,20351 Conant Street,detroit,,,OSM,40
Hashbrowns Cafe,restaurant,42.4377181,-83.0768887,18458 Conant Street,Detroit,,,OSM,40
Homeslice Pizzeria,restaurant,42.3132673,-83.0337606,732 Goyeau Street,Windsor,,,OSM,40
Bread Basket Deli,restaurant,42.3411488,-83.0152623,3242 Jefferson Avenue East,Detroit,,,OSM,40
Las Cazuelas,restaurant,42.3304856,-83.1195133,4000 Livernois,Detroit,,,OSM,40
Boston Pizza,restaurant,42.2541178,-82.9631043,,Windsor,,,OSM,40
Factory House,restaurant,42.309085,-82.961595,,Windsor,,,OSM,40
Penalty Box,restaurant,42.301789,-82.9945029,2244 Lens Avenue,Windsor,,,OSM,40
Howe's Bayou,restaurant,42.4612906,-83.1343849,22848 Woodward Avenue,Ferndale,,,OSM,40
Antihero,restaurant,42.4603118,-83.1368737,,Windsor,,,OSM,40
Bobcat Bonnie’s,restaurant,42.4607911,-83.1371472,240 West 9 Mile Road,Ferndale,,,OSM,40
Milan Pizzeria,restaurant,42.4867797,-83.1437711,,Windsor,,,OSM,40
Pop's for Italian,restaurant,42.4608049,-83.1379247,280 West 9 Mile Road,Ferndale,,,OSM,40
Lockhart's BBQ,restaurant,42.4879581,-83.1426902,202 East 3rd Street,Royal Oak,,,OSM,40
Sakana Sushi Lounge,restaurant,42.4617452,-83.1347538,,Windsor,,,OSM,40
Ted's Coney Island,restaurant,42.2575248,-83.2117591,6784 Allen Road,Allen Park,,,OSM,40
Mick's Bar & Grill,restaurant,42.2574886,-83.2131505,,Windsor,,,OSM,40
Amigo’s Tex-Mex Restaurant,restaurant,42.2112593,-83.1812192,13312 Fort Street,Southgate,,,OSM,40
Polonus Restaurant,restaurant,42.2163954,-83.1505212,1744 Biddle Avenue,Wyandotte,,,OSM,40
Carrabba's Italian Grill,restaurant,42.2006033,-83.2085277,14805 Dix-Toledo Highway,Southgate,,,OSM,40
Ford's Garage,restaurant,42.3072054,-83.2377377,21367 Michigan Avenue,Dearborn,,,OSM,40
O.W.L.,restaurant,42.4909991,-83.1597554,27302 Woodward Avenue,Royal Oak,,,OSM,40
Royal Oak Taphouse,restaurant,42.484273,-83.1468453,,Windsor,,,OSM,40
Zoe's House of Pancakes,restaurant,42.4827778,-83.1518734,25994 Woodward Avenue,Royal Oak,,,OSM,40
Cheezy,restaurant,42.3212086,-83.1802461,13942 Michigan Avenue,Dearborn,,,OSM,40
Al Shallal,restaurant,42.3416372,-83.2773039,24402 West Warren Street,Dearborn Heights,,,OSM,40
Dexter's Grill,restaurant,42.2102368,-83.2286594,13501 Allen Road,Southgate,,,OSM,40
Kelsey's,restaurant,42.2606566,-82.9688809,4115 Walker Road,Windsor,,,OSM,40
Lone Star Texas Grill,restaurant,42.2598848,-82.966817,4140 Walker Road,Windsor,,,OSM,40
Smoke & Spice Southern Barbeque,restaurant,42.3136417,-82.9367413,,Windsor,,,OSM,40
East Side Mario's,restaurant,42.3143284,-82.933921,,Windsor,,,OSM,40
Michigan Diner,restaurant,42.3129454,-82.9368741,,Windsor,,,OSM,40
Mi Lindo San Blas,restaurant,42.235095,-83.180755,3456 Fort Street,Lincoln Park,,,OSM,40
Prince Pizza,restaurant,42.3713247,-83.2624055,13000 Plymouth Road,Detroit,,,OSM,40
Secret Recipes Family Dining,restaurant,42.2246982,-83.2300043,11222 Allen Road,Taylor,,,OSM,40
Jose's Noodle Factory,restaurant,42.2835684,-83.0120792,,Windsor,,,OSM,40
Red Lobster,restaurant,42.3382292,-83.2722395,6850 nortth telegram road,Dearborn Heights,,,OSM,40
Tijuana's Authentic Mexican Kitchen,restaurant,42.2581785,-83.1901573,1679 Dix Highway,Lincoln Park,,,OSM,40
United Grill Coney Island,restaurant,42.4307483,-83.0725404,Conant Street,Windsor,,,OSM,40
Niko Sushi,restaurant,42.3075891,-82.868528,,Windsor,,,OSM,40
Farouj King,restaurant,42.3107634,-82.9513928,Tecumseh Road East,Windsor,,,OSM,40
Kake Da Dhaba,restaurant,42.3085029,-82.9631768,,Windsor,,,OSM,40
Pizza Hut,restaurant,42.2840434,-83.0553035,,Windsor,,,OSM,40
Hi-Ho,restaurant,42.2790793,-83.008893,,Windsor,,,OSM,40
Kona Sushi,restaurant,42.311463,-82.8920623,,Windsor,,,OSM,40
Thai Palace,restaurant,42.3267024,-82.939109,,Windsor,,,OSM,40
The Corner Brunch House,restaurant,42.2186842,-83.1943227,12250 Dix-Toledo Highway,Southgate,,,OSM,40
Andy's Pizza,restaurant,42.2140457,-83.1870417,13280 Northline Road,Southgate,,,OSM,40
Hungarian Rhapsody,restaurant,42.2133295,-83.1983235,14315 Northline Road,Southgate,,,OSM,40
Hong Kong Chinese Cuisine,restaurant,42.2211996,-83.1936501,,Windsor,,,OSM,40
Karma Cafe,restaurant,42.3322322,-82.8926343,12205 Rvierside Drive East,Windsor,,,OSM,40
Lilly Kazzilly's Crab Shack,restaurant,42.3393028,-82.9279994,9550 Riverside Drive East,Windsor,,,OSM,40
A&A Corner Grill,restaurant,42.3185305,-82.9749681,,Windsor,,,OSM,40
Lunansky's Coney Island,restaurant,42.3203635,-82.9996446,1067 Drouillard Road,Windsor,,,OSM,40
Elwood Grill,restaurant,42.3385387,-83.0468049,,Windsor,,,OSM,40
Love of Pho,restaurant,42.3120763,-83.0430874,560 Wyandotte Street West,Windsor,,,OSM,40
A Dog's Breakfast,restaurant,42.3148237,-83.0381275,,Windsor,,,OSM,40
Lefty's on the O,restaurant,42.3168335,-83.0389577,,Windsor,,,OSM,40
OroBite,restaurant,42.3166387,-83.0388306,359 Ouellette Avenue,Windsor,,,OSM,40
Fry Frenzy's,restaurant,42.3165755,-83.0387896,,Windsor,,,OSM,40
Vito's Pizzeria,restaurant,42.3164845,-83.0387271,,Windsor,,,OSM,40
CheeseSteaks,restaurant,42.3407383,-83.2930804,,Windsor,,,OSM,40
Martin's Ham & Cornbeef,restaurant,42.4744174,-83.0266212,24564 Van Dyke Avenue,Center Line,,,OSM,40
Joe's Coney Island,restaurant,42.4830096,-83.0270341,25604 Van Dyke Avenue,Center Line,,,OSM,40
Joa Sushi,restaurant,42.2259095,-83.229403,11205 Allen Road,Southgate,,,OSM,40
Nono's Pizza,restaurant,42.4530551,-83.0261438,Van Dyke Avenue,Warren,,,OSM,40
L.A. Bistro,restaurant,42.3066754,-83.2432382,21928 Michigan Avenue,Dearborn,,,OSM,40
Sun China,restaurant,42.4136757,-83.2777426,,Windsor,,,OSM,40
Dairy Park,restaurant,42.4560105,-83.1037196,,Windsor,,,OSM,40
Speedboat Bar & Grill,restaurant,42.2263393,-83.149654,749 Biddle Avenue,Wyandotte,,,OSM,40
Kabob and More Restaurant,restaurant,42.452737,-83.1036799,21403 John R Road,Hazel Park,,,OSM,40
Woodpile BBQ,restaurant,42.4905148,-83.1000504,630 East 11 Mile Road,Madison Heights,,,OSM,40
State Fair Coney Island Restaurant,restaurant,42.4476611,-83.1033068,20727 John R Road,Hazel Park,,,OSM,40
Rock Bottom Bar & Grill,restaurant,42.301346,-83.0763225,3236 Sandwich,Windsor,,,OSM,40
Bob Evans,restaurant,42.3002743,-83.2672946,,Windsor,,,OSM,40
Charlie's Family Dining,restaurant,42.2565776,-83.1915936,1817 Dix Highway,Lincoln Park,,,OSM,40
Rono's Caribbean Paradise Restaurant,restaurant,42.4162962,-83.1825669,14001 West McNichols Road,Detroit,,,OSM,40
Ram's Horn,restaurant,42.2596203,-83.2067646,,Windsor,,,OSM,40
Outback Steakhouse,restaurant,42.4631361,-83.2019034,23501 Greenfield Road,Southfield,,,OSM,40
Leons Family Dining,restaurant,42.2448564,-83.2689036,8787 Telegraph Road,Taylor,,,OSM,40
Geneva's Burgers,restaurant,42.450701,-82.9432986,17141 East 8 Mile Road,Eastpointe,,,OSM,40
Big Boy,restaurant,42.2313273,-83.2700269,10450 Telegraph Road,Taylor,,,OSM,40
Kageli's Family Restaurant,restaurant,42.2565079,-83.2424429,,Windsor,,,OSM,40
Cameo Restaurant,restaurant,42.2234425,-83.1938311,4101 Dix Highway,Lincoln Park,,,OSM,40
China Bowl,restaurant,42.2294839,-83.1941508,,Windsor,,,OSM,40
Tim's Coney Island,restaurant,42.2600922,-83.2111054,,Windsor,,,OSM,40
New Hong Kong Restraunt,restaurant,42.2454013,-83.2691151,,Windsor,,,OSM,40
Marina's Pizza,restaurant,42.2474397,-83.2694375,,Windsor,,,OSM,40
Buffalo Wild Wings,restaurant,42.4667946,-82.9078634,23117 Harper Avenue,Saint Clair Shores,,,OSM,40
Olive Garden,restaurant,42.4784258,-82.9496713,24845 Gratiot Avenue,Eastpointe,,,OSM,40
Oishi Sushi,restaurant,42.3130369,-82.9361966,,Windsor,,,OSM,40
Stand 44,restaurant,42.3059726,-83.2286232,,Windsor,,,OSM,40
Palm & Pine,restaurant,42.316014,-82.9819275,,Windsor,,,OSM,40
Lon's Ham & Corned Beef,restaurant,42.3659626,-83.1779671,,Windsor,,,OSM,40
The Cracked Egg of Harper Woods,restaurant,42.4503267,-82.9335564,19101 Vernier Road,Harper Woods,,,OSM,40
Father Forgive Me,restaurant,42.3603693,-82.9848511,,Windsor,,,OSM,40
Taylor Town Coney Island Restaurant,restaurant,42.2560821,-83.2322152,20063 Ecorse Road,Taylor,,,OSM,40
Howard Grill,restaurant,42.2879789,-83.0124127,,Windsor,,,OSM,40
Flamingo Family Restaurant,restaurant,42.2556105,-83.2522028,,Windsor,,,OSM,40
Hikari Restaurant,restaurant,42.3164503,-83.0411184,,Windsor,,,OSM,40
Green Leaf,restaurant,42.3171004,-83.0396433,,Windsor,,,OSM,40
Ariana Afghan Restaurant,restaurant,42.3202052,-83.1834974,14456 Michigan Avenue,Dearborn,,,OSM,40
Sawyer's BBQ,restaurant,42.3217461,-83.000081,1000 Drouillard Road,Windsor,,,OSM,40
Tim Hortons,cafe,42.3086569,-83.1883856,3550 Greenfield Road,Dearborn,+1 313-240-9394,,OSM,30
Biggby Coffee,cafe,42.3068969,-83.1887028,3389 Greenfield Road,Dearborn,+1-313-982-1100,,OSM,30
Romantica Cafe,cafe,42.3251804,-83.1762745,5125 Schaefer Road,Windsor,+1-313-429-3166,,OSM,30
Tim Hortons,cafe,42.4008873,-83.0005925,10533 Gratiot Avenue,Detroit,+1 313-923-8900,,OSM,30
Tim Hortons,cafe,42.4771733,-83.0648026,25100 Ryan Road,Warren,+1 586-756-6300,,OSM,30
Tim Hortons,cafe,42.2528179,-83.1878689,1727 Southfield Road,Lincoln Park,+1 313-928-0138,,OSM,30
Biggby Coffee,cafe,42.4911288,-83.1071533,222 West 11 Mile Road,Madison Heights,+1 248 291 5932,,OSM,30
Tim Hortons,cafe,42.459316,-83.1823692,22211 Coolidge Highway,Oak Park,+1 248-399-1367,,OSM,30
Tim Hortons,cafe,42.2457479,-83.2703168,8460 Telegraph Road,Taylor,+1 313-295-8484,,OSM,30
Tim Hortons,cafe,42.344096,-83.1576426,10005 West Warren Avenue,Dearborn,+1 313-406-5420,,OSM,30
Serratore Bistro-Café,cafe,42.3174864,-83.0399622,98 University Avenue West,Windsor,+1 519-253-9998,,OSM,30
Tim Hortons,cafe,42.4476881,-83.0848587,1825 East 8 Mile Road,Hazel Park,+1 248-951-2950,,OSM,30
Hot Shot Coffee,cafe,42.2003126,-83.2557835,23000 Eureka Road,Taylor,+1-313-600-6170,,OSM,30
Mo’Cha Bubble Tea,cafe,42.240945,-83.0140932,1555 Talbot Road,Lasalle,+1-519-966-4334,,OSM,30
M Chapter Boardgame Café,cafe,42.2404701,-83.0127868,1555 Talbot Road,Lasalle,+1-519-250-9958,,OSM,30
Leonidas,cafe,42.2383374,-83.0140341,1555 Talbot Road,LaSalle,+1-519-967-1717,,OSM,30
City Coffeehouse,cafe,42.2165246,-83.1815665,12554 Fort Street,Southgate,+1 734-225-6127,,OSM,30
Tim Hortons,cafe,42.341729,-83.2740478,7205 North Telegraph Road,Dearborn Heights,+1 313-730-9810,,OSM,30
Tim Hortons,cafe,42.4909046,-83.0071678,26807 Hoover Road,Warren,+1 586-757-2251,,OSM,30
Tim Hortons,cafe,42.4739102,-83.2836219,25311 Telegraph Road,Southfield,+1 248-350-1896,,OSM,30
Tim Hortons,cafe,42.2511961,-83.1788581,1360 Southfield Road,Lincoln Park,+1 313-383-7824,,OSM,30
Tim Hortons,cafe,42.2562823,-83.2556228,22400 Ecorse Road,Taylor,+1 313-292-5815,,OSM,30
Tim Hortons,cafe,42.3074842,-83.2368939,21203 Michigan Avenue,Dearborn,+1 313-752-2345,,OSM,30
Tim Hortons,cafe,42.3264786,-83.2813082,24921 Ford Road,Dearborn,+1 313-724-6040,,OSM,30
Tim Hortons,cafe,42.4608533,-83.1049325,41-75 West 9 Mile Road,Hazel Park,+1 248-543-5896,,OSM,30
Tim Hortons,cafe,42.2255593,-83.2301677,11130 Allen Road,Taylor,+1 734-287-2234,,OSM,30
Tim Hortons,cafe,42.2804682,-83.270196,4035 Telegraph Road,Dearborn Heights,+1 313-562-6900,,OSM,30
Tim Hortons,cafe,42.2132393,-83.1934332,13843 Northline Road,Southgate,+1 734-324-4734,,OSM,30
Tim Hortons,cafe,42.4901682,-83.1182414,2214 East 11 Mile Road,Royal Oak,+1 248-548-3391,,OSM,30
Tom's Oyster Bar,restaurant,42.4875647,-83.1443975,318 South Main Street,Royal Oak,+1-248-541-1186,,OSM,30
Lucky Dragon,restaurant,42.2003094,-83.1553554,430 Eureka Road,Wyandotte,+1-734-282-3333,,OSM,30
Sushi Bar & Japanese Cuisine,restaurant,42.2022509,-83.1507174,130 Maple Street,Wyandotte,+1-734-720-9717,,OSM,30
Seeburger's Cheeseburgers,restaurant,42.4931052,-82.9387906,26756 North Gratiot Avenue,Roseville,+1 586 362 8585,,OSM,30
Duly's Place Coney Island,restaurant,42.3179982,-83.1017278,5458 West Vernor Highway,Windsor,+1-313-554-3076,,OSM,30
KouZina,restaurant,42.4905357,-83.1446824,121 North Main Street,Royal Oak,+1-248-629-6500,,OSM,30
Taqueria Nuestra Familia,restaurant,42.3130789,-83.1236054,7620 West Vernor Highway,Windsor,+1-313-842-5668,,OSM,30
Red Olive Family Restaurants,restaurant,42.4607695,-83.1438559,750 West 9 Mile Road,Ferndale,+1-248-965-3935,,OSM,30
Sareini's Pizzeria,restaurant,42.3058872,-83.188405,3313 Greenfield Road,Dearborn,+1-313-441-1500,,OSM,30
Papusería y Restaurante Salvadoreño,restaurant,42.3247586,-83.1165091,3149 Livernois Avenue,Windsor,+1-313-899-4020,,OSM,30
Coastal Thai,restaurant,42.2011967,-83.1511337,140 Sycamore Street,Wyandotte,+1-734-282-3885,,OSM,30
Kome Sushi Bar,restaurant,42.2208275,-83.1807203,1217 Fort Street,Wyandotte,+1-734-922-2262,,OSM,30
Shish Kabob,restaurant,42.2832773,-83.2050606,,Windsor,+1-313-985-9030,,OSM,30
Little Pierogi & Crepe Kitchen,restaurant,42.2030287,-83.1506006,125 Elm Street,Wyandotte,+1-734-639-0877,,OSM,30
Red Olive Family Restaurants,restaurant,42.3010811,-83.2609,23211 Michigan Avenue,Dearborn,+1-313-792-8822,,OSM,30
Red Olive Family Restaurants,restaurant,42.471605,-82.9061533,23977 Harper Avenue,Saint Clair Shores,+1-586-774-1900,,OSM,30
Frenchy's Poutinery,restaurant,42.3129305,-83.0029564,2109 Ottawa Street,Windsor,+1-519-915-6720,,OSM,30
La Thai,restaurant,42.3278825,-83.2033627,16351 Ford Road,Dearborn,+1-313-914-5846,,OSM,30
Happy's Pizza,restaurant,42.2140008,-83.1944343,12984 Dix-Toledo Highway,Southgate,+1-734-282-5555,,OSM,30
Ramsey's Coney Island,restaurant,42.2163578,-83.1942111,12552 Dix-Toledo Highway,Southgate,+1-734-281-6445,,OSM,30
Jet's Pizza,restaurant,42.4798899,-82.9188463,19380 East 10 Mile Road,Eastpointe,+1-586-774-4448,,OSM,30
Sala Thai,restaurant,42.3504984,-83.0430519,3400 Russell Street,Detroit,+1 313 831-1302,,OSM,30
Major Biddle's,restaurant,42.2250087,-83.1503651,930 Biddle Avenue,Wyandotte,+1-734-283-3228,,OSM,30
La-Shish,restaurant,42.324245,-83.169424,12918 Michigan Avenue,Dearborn,+1-313-582-8400,,OSM,30
Peking Express,restaurant,42.3423021,-83.0115648,East Jefferson Avenue,Windsor,+1-313-259-1111,,OSM,30
Koja,restaurant,42.2117164,-83.2551599,22697 Northline Road,Taylor,+1 734-643-5003,,OSM,30
La Fogata Mexican Grill,restaurant,42.3365185,-83.1250187,5015 Livernois Avenue,Windsor,+1-313-898-8850,,OSM,30
El Parian,restaurant,42.3047185,-83.1296926,1633 Lawndale Street,Windsor,+1-313-749-7143,,OSM,30
Rincon Tropical,restaurant,42.331501,-83.1244965,6538 Michigan Avenue,Windsor,+1-313-334-8526,,OSM,30
Sun Ya Restaurant,restaurant,42.4016336,-83.2196643,18200 Grand River Avenue,Detroit,+1-313-835-9077,,OSM,30
Munchies on Monroe,restaurant,42.2837145,-83.2509851,3717 Monroe Street,Dearborn,+1 313 406 3106,,OSM,30
City Country Kitchen,restaurant,42.3303818,-83.130415,4381 Larkins Street,Detroit,+1-313-544-3319,,OSM,30
Prime Eatery,restaurant,42.3227467,-83.1753903,,Windsor,+1-313-757-7200,,OSM,30
BB's Butcher's Inn,restaurant,42.3465305,-83.0386859,1489 Winder Street,Detroit,+1-313-818-0200,,OSM,30
Lim's Garden,restaurant,42.2842133,-83.2331092,20001 Carlysle Street,Dearborn,+1-313-563-4393,,OSM,30
Lincoln Park Grill,restaurant,42.2515448,-83.1801978,,Windsor,+1-313-386-8696,,OSM,30
Daebak Korean Barbeque,restaurant,42.4917661,-83.2824628,27566 Northwestern Highway,Windsor,+1 248 9968932,,OSM,30
Super Coney Island,restaurant,42.3955288,-83.1589102,14508 Wyoming Street,Detroit,+1 313 935 5910,,OSM,30
Mi Bella Honduras Restaurant,restaurant,42.2450357,-83.1793239,2359 Fort Street,Lincoln Park,+1-313-722-4519,,OSM,30
El Paisa Mexican Restaurant,restaurant,42.251016,-83.1757428,1715 Fort Street,Lincoln Park,+1-313-383-6937,,OSM,30
7 Spices,restaurant,42.3217035,-83.0161136,1580 Wyandotte Street East,Windsor,+1 5199157660,,OSM,30
Cheecho's Sandwich Shop,restaurant,42.3105325,-83.0109333,1430 Ottawa Street,Windsor,+1-226-674-1420,,OSM,30
Route 42 Diner & Dairy Bar,restaurant,42.2637031,-82.9639113,2825 County Road 42,Windsor,+1-519-966-5992,,OSM,30
Al Chabab Restaurant,restaurant,42.3443426,-83.1704762,12930 West Warren Avenue,Dearborn,+13135822927,,OSM,30
Grandy's Coney Island,restaurant,42.3612103,-83.0210471,3570 Mount Elliott Street,Detroit,+1-313-921-0022,,OSM,30
La Posada,restaurant,42.2274259,-83.1805148,3927 Fort Street,Lincoln Park,+1-313-228-5247,,OSM,30
Joe & Reno's Pizzeria,restaurant,42.2959074,-83.2469543,2311 Monroe Street,Dearborn,+1-313-274-9810,,OSM,30
In & Out Shawarma,restaurant,42.281601,-83.2320733,,Windsor,+1-313-633-1205,,OSM,30
Sushi Zone,restaurant,42.4651164,-82.9491153,16749 East 9 Mile Road,Eastpointe,+15868595001,,OSM,30
Gladstone commons,restaurant,42.3197026,-83.015613,792 Gladstone Avenue,Windsor,+12266741070,,OSM,30
The Sushi Bar,restaurant,42.2324187,-83.2684219,10135 Telegraph Road,Taylor,+1 313-406-5998,,OSM,30
El Angel,restaurant,42.2536273,-83.1747583,1534 Fort Street,Lincoln Park,+1-313-633-0162,,OSM,30
Pizza Hut,restaurant,42.2322833,-83.2684305,10165 Telegraph Road,Taylor,+1 313-771-9719,,OSM,30
La Corona Mexican Food,restaurant,42.2818443,-83.2320901,,Windsor,+1-313-406-4161,,OSM,30
Spoonz Restaurant,restaurant,42.2406383,-83.0143355,1555 Talbot Road,Lasalle,+1-519-776-6248,,OSM,30
Benihana,restaurant,42.3206949,-83.2211861,18601 Hubbard Drive,Dearborn,+1-313-593-3200,,OSM,30
Xochimilco,restaurant,42.3231544,-83.0848558,3409 Bagley Street,Windsor,+1-313-843-0179,,OSM,30
Nanna's Kitchen,restaurant,42.2034262,-83.1496198,2962 Biddle Avenue,Wyandotte,+1-734-281-9093,,OSM,30
National Coney Island,restaurant,42.4951704,-82.9388548,27027 South Gratiot Avenue,Roseville,+1 586 776 2933,,OSM,30
Marcus Hamburgers,restaurant,42.4194351,-83.0373185,6349 East McNichols Road,Detroit,+1-313-891-6170,,OSM,30
Ho Ho Village Restaurant,restaurant,42.3166781,-83.1041292,5821 West Vernor Highway,Detroit,+1 313 841 1580,,OSM,30
Joseph's Coney Island,restaurant,42.3698324,-82.9582709,12500 East Jefferson Avenue,Detroit,+1 313 824-4900,,OSM,30
A&L Ham Palace,restaurant,42.2954323,-83.1309866,9405 West Fort Street,Windsor,+1 313-841-1309,,OSM,30
La Salsa,restaurant,42.2856881,-83.1627503,1310 Oakwood Boulevard,Windsor,+1-313-551-2783,,OSM,30
Los Altos Taqueria,restaurant,42.3146629,-83.1200394,7056 West Vernor Highway,Windsor,+1-313-841-3109,,OSM,30
Plaza Mexico,restaurant,42.465097,-82.9309535,18322 East 9 Mile Road,Eastpointe,+15867778144,,OSM,30
Pekin Tokyo,restaurant,42.258527,-83.2029991,,Windsor,+1-313-436-5588,,OSM,30
King's Grill,restaurant,42.3254136,-83.0603253,1350 West Fort Street,Detroit,+1-313-961-0988,,OSM,30
Rose Garden,restaurant,42.3163359,-83.0447927,492 University Avenue West,Windsor,+1-519-252-3762,,OSM,30
Smugglers Run on the River,restaurant,42.2266534,-83.1475232,1 Saint Johns Street,Wyandotte,+1-734-530-1788,,OSM,30
Vito's Italian Restaurant,restaurant,42.2269029,-83.1815979,3962 Fort Street,Lincoln Park,+1-313-383-1960,,OSM,30
Auburn Cafe,restaurant,42.2608795,-83.1381801,3520 West Jefferson Avenue,Ecorse,+1-313-381-8133,,OSM,30
Harry's Corned Beef & Coney Island Grill,restaurant,42.243598,-83.1807364,2908 Fort Street,Lincoln Park,+1-313-928-6222,,OSM,30
BC's Pizza,restaurant,42.2576097,-83.1715464,1226 Fort Street,Lincoln Park,+1-313-388-3888,,OSM,30
Baba's Grill,restaurant,42.3209456,-83.1788279,13823 Michigan Avenue,Dearborn,+1-313-945-0400,,OSM,30
Nana's Diner,restaurant,42.241918,-83.2299388,9205 Pelham Road,Allen Park,+1-313-346-5633,,OSM,30
Bubi's Awesome Eats,restaurant,42.315946,-83.0464248,620 University Avenue West,Windsor,+1-519-252-2001,,OSM,30
Sultani Grill & Shawarma,restaurant,42.2886543,-83.0245406,2405 Dougall Avenue,Windsor,+1-519-258-6374,,OSM,30
Mr. Fish & Chicken,restaurant,42.2697237,-83.1356536,10844 West Jefferson Avenue,River Rouge,+1-313-551-3511,,OSM,30
Quick Sushi Izakaya,restaurant,42.258315,-82.9964158,425 Cabana Road,Windsor,+15199720808,,OSM,30
Haney's Family Restaurant and Catering,restaurant,42.4730551,-83.0274242,24447 Van Dyke Avenue,Center Line,+1-586-757-5080,,OSM,30
Taylor Kabob,restaurant,42.2565161,-83.2376719,20524 Ecorse Road,Taylor,+1-313-722-4499,,OSM,30
Lum's Chop Suey,restaurant,42.2695093,-83.2661657,23634 Van Born Road,Windsor,+1-313-292-2454,,OSM,30
Manuel's Taco Hut,restaurant,42.2570106,-83.2195325,Ecorse Road,Windsor,+1 313-383-3030,,OSM,30
Cafe 1923,cafe,42.3918663,-83.0600496,2287 Holbrook Street,Hamtramck,,http://www.cafe1923.com/,OSM,10
Craig's Coffee,cafe,42.3443597,-83.0604367,412 Peterboro Street,Detroit,,https://www.craigs.coffee/,OSM,10
Starbucks,cafe,42.3207364,-83.0329446,377 Riverside Drive East,Windsor,,https://www.starbucks.com/store/860/ca/sodexo-caesars-windsor/377-riverside-drive-east-windsor-on-n9a-7h7,OSM,10
Germack,cafe,42.3461685,-83.0405233,2509 Russell Street,Detroit,,https://www.germack.com/,OSM,10
Shatila Bakery,cafe,42.3440997,-83.1831974,14300 West Warren Avenue,Dearborn,,https://shatila.com/,OSM,10
Catfe Lounge,cafe,42.453211,-83.1430149,821 Livernois Street,Ferndale,,https://ferndalecatshelter.org/catfe-lounge/,OSM,10
Tall Trees Cafe,cafe,42.4531418,-83.1429934,817 Livernois Street,Ferndale,,https://www.talltreesferndale.com/,OSM,10
Avalon Bakery,cafe,42.3327374,-83.0479722,1075 Woodward Avenue,Detroit,,https://avalonbreads.net/pages/avalon-woodward,OSM,10
La Pecora Nera,cafe,42.3348343,-83.0505896,1514 Washington Boulevard,Detroit,,https://www.lapecoraneradetroit.com/,OSM,10
Atomic Coffee,cafe,42.487154,-83.1439702,401 South Main Street,Royal Oak,,https://www.atomiccoffee.net/,OSM,10
The Office Coffee Shop,cafe,42.4870276,-83.1480472,402 South Lafayette Avenue,Royal Oak,,https://www.theofficecoffeeshop.com/,OSM,10
Lucky Detroit,cafe,42.33166,-83.0736829,2000 Michigan Avenue,Detroit,,https://www.luckydetroit.com/,OSM,10
The Gathering Coffee Co.,cafe,42.3734266,-83.0640231,2831 East Grand Boulevard,Detroit,,https://www.gatheringcoffee.com/,OSM,10
Biggby Coffee,cafe,42.2772669,-83.2140559,23190 West Outer Drive,Allen Park,,https://www.facebook.com/biggbystore630/,OSM,10
Taloola Cafe,cafe,42.3247047,-83.0128657,,Windsor,,https://taloolacafe.com/,OSM,10
Starbucks,cafe,42.4460627,-83.1207135,1327 8 Mile Road West,Detroit,,https://www.starbucks.com/store-locator/store/1006701/woodward-and-8-mile-1327-w-8-mile-rd-detroit-mi-482031021-us,OSM,10
Snack Camp,cafe,42.355874,-82.9978855,1464 Van Dyke,Windsor,,https://www.facebook.com/snackcampdetroit/,OSM,10
Salute Cafe + Bar,cafe,42.2467717,-83.0628887,,Windsor,,https://salutelasalle.com/,OSM,10
Ananas Cafe - Dearborn,cafe,42.3409008,-83.177138,6831 Schaefer Road,Dearborn,,https://ananascafedearborn.com/41780,OSM,10
Bea’s Detroit -Cafe,cafe,42.3469139,-83.0380309,1533 Winder Street,Detroit,,https://www.beasdetroit.com/,OSM,10
Madcap,cafe,42.3347446,-83.048208,1413,Windsor,,https://www.madcap.com,OSM,10
Chance Coffee,cafe,42.3215842,-82.9999885,1012 Drouillard Road,Windsor,,https://chancecoffee.ca/,OSM,10
Azal Cofee,cafe,42.3439798,-83.1911578,15010 West Warren Avenue,Windsor,,https://azalcoffeeusa.com/,OSM,10
Brush Park Bodega,cafe,42.3444054,-83.0505592,2671 Brush Street,Detroit,,https://www.instagram.com/bodega_mkt,OSM,10
Saturn Coffee,cafe,42.3733763,-83.081677,700 Seward Street,Detroit,,https://saturn-coffee.com/,OSM,10
AM Buzz Detroit,cafe,42.3289332,-83.0546262,600 West Lafayette Boulevard,Windsor,,https://ambuzzdetroit.com/,OSM,10
Spkr Box,cafe,42.3338361,-83.0498748,200 Grand River Avenue,Detroit,,https://spkrbox.bar/,OSM,10
The Grand Porter,cafe,42.3198295,-83.0859955,3620 Porter Street,Detroit,,https://www.thegrandporter.com/,OSM,10
Qamaria Yemeni Coffee Co.,cafe,42.2526714,-83.2165945,7706 Allen Road,Allen Park,,https://www.qamariacoffee.com/,OSM,10
Turbo Espresso Bar,cafe,42.3176418,-83.0394678,,Windsor,,https://idrinkturbo.com/,OSM,10
Bakri Coffee,cafe,42.2975294,-83.2823241,25093 Michigan Avenue,Dearborn,,https://bakricoffee.com/,OSM,10
Noodles & Company,restaurant,42.4866001,-83.1443782,410 South Main Street,Royal Oak,,https://locations.noodles.com/mi/royal-oak/420-s--main-street.html,OSM,10
American Coney Island,restaurant,42.3314383,-83.0487429,114 Lafayette Boulevard West,Detroit,,http://americanconeyisland.com,OSM,10
Nikki's Pizzeria,restaurant,42.333652,-83.0419421,735 Beaubien Street,Detroit,,http://nikisdetroit.com/,OSM,10
Locos,restaurant,42.3338552,-83.0421003,454 East Lafayette Street,Detroit,,http://locosdetroit.com,OSM,10
grille39,restaurant,42.3312255,-83.2180563,5801 Southfield Expressway,Windsor,,https://doubletree3.hilton.com/en/hotels/michigan/doubletree-by-hilton-hotel-detroit-dearborn-DTTDBDT/dining/index.html,OSM,10
Slows Bar-B-Q,restaurant,42.3315477,-83.0759272,,Windsor,,https://slowsbarbq.com/locations/corktown/,OSM,10
The Hudson Cafe,restaurant,42.3334042,-83.048487,1241 Woodward Avenue,Detroit,,https://www.hudson-cafe.com/,OSM,10
Kerby's Koney Island,restaurant,42.327758,-83.203357,16351 Ford Road,Dearborn,,https://www.kerbyskoneyisland.com/,OSM,10
(revolver),restaurant,42.3968601,-83.0580539,9737 Joseph Campau Street,Hamtramck,,https://www.revolverhamtramck.com/,OSM,10
Jet's Pizza,restaurant,42.3982264,-83.0589158,10035 Joseph Campau Street,Hamtramck,,https://jetspizza.com/,OSM,10
La Feria,restaurant,42.3501143,-83.0630264,4130 Cass Avenue,Windsor,,https://laferiadetroit.com/,OSM,10
Tocororo,restaurant,42.3448107,-83.0390077,1416 East Fisher Freeway,Detroit,,https://tocororodetroit.com/,OSM,10
Texas De Brazil,restaurant,42.3324368,-83.0471077,1000 Woodward Avenue,Detroit,,https://texasdebrazil.com/,OSM,10
Kuzzo's Chicken & Waffles Southern Cafe,restaurant,42.4341419,-83.1419467,19345 Livernois Avenue,Detroit,,http://www.kuzzoschickenandwaffles.com,OSM,10
Om Cafe,restaurant,42.4639046,-83.1363748,23136 Woodward Avenue,Ferndale,,https://www.omcafeferndale.com/,OSM,10
Pink Flamingo,restaurant,42.3355712,-83.0754906,2746 Vermont Street,Detroit,,http://www.guerrillafooddetroit.com/pink-flamingo,OSM,10
Rock City Eatery,restaurant,42.3521406,-83.0607738,4216 Woodward Avenue,Detroit,,http://www.rockcityeatery.com/,OSM,10
Lumen Detroit,restaurant,42.3344961,-83.0548672,1903 Grand River Avenue,Detroit,,https://www.lumendetroit.com/,OSM,10
Coriander Kitchen and Farm,restaurant,42.3595846,-82.9323145,14601 Riverside Boulevard,Windsor,,https://www.corianderkitchenandfarm.com/,OSM,10
Red Ruby,restaurant,42.3551756,-83.2760142,8625 Telegraph Road,Dearborn Heights,,http://redrubychinese.weebly.com/,OSM,10
Walker Grill,restaurant,42.3147366,-83.0026465,1275 Walker Rd,Windsor,,https://walkergrill.ca/,OSM,10
Yum Village,restaurant,42.3693447,-83.072362,6500 Woodward Avenue,Detroit,,https://www.yumvillage.com/,OSM,10
Shawarma Queen,restaurant,42.317319,-83.0395729,,Windsor,,https://www.facebook.com/shawarmaqueenwindsor/,OSM,10
Sawyer's Craft Barbeque,restaurant,42.3217485,-83.0001176,1000 Drouillard Road,Windsor,,https://sawyerscraftbbq.square.site/,OSM,10
The District Market Detroit,restaurant,42.3417471,-83.05454,2645 Woodward Avenue,Detroit,,https://districtmarketdetroit.com/,OSM,10
Nemo's Bar & Grill,restaurant,42.3316021,-83.065405,1384 Michigan Avenue,Detroit,,https://nemosdetroit.com/,OSM,10
The Morrie - Royal Oak,restaurant,42.4861315,-83.1439006,511 South Main Street,Royal Oak,,https://themorrie.com/,OSM,10
Marrow,restaurant,42.3585978,-82.9989704,8044 Kercheval Street,Windsor,,https://www.marrowdetroit.com/,OSM,10
Mumma Maria’s House,restaurant,42.3589642,-82.9979806,8122 Kercheval Street,Windsor,,https://www.mummamariashouse.net/,OSM,10
Slyde,restaurant,42.3581686,-82.9999509,7960 Kercheval Street,Windsor,,https://slydedetroit.com/,OSM,10
Metropolitan Kitchen,restaurant,42.3554061,-82.9965817,8047 Agnes Street,Windsor,,https://metropolitanvariety.com/,OSM,10
Mercury Burger & Bar,restaurant,42.3311702,-83.0761839,2163 Michigan Avenue,Detroit,,https://mercuryburgerbar.com/,OSM,10
Cork & Gable,restaurant,42.3311514,-83.0790756,2415 Michigan Avenue,Detroit,,https://www.corkandgabel.com/,OSM,10
Amore da Roma,restaurant,42.3509485,-83.041824,3401 Riopelle Street,Detroit,,https://amoredaroma.com/,OSM,10
Van Born Tavern,restaurant,42.2691417,-83.2842482,22426 Van Born Road,Dearborn Heights,,https://www.vanborntavern.com/,OSM,10
Mama Mias,restaurant,42.4316538,-83.2974338,19385 Beech Daly Road,Redford Township,,https://mamamiasredford.com/,OSM,10
Tou & Mai,restaurant,42.3516244,-83.0637093,4240 Cass Avenue,Detroit,,https://www.touandmai.com/,OSM,10
Diva's Delite Caribbean and Canadian Cuisine,restaurant,42.3181874,-83.0406364,,Windsor,,https://divasdelite.business.site/,OSM,10
Butter Chicken Roti,restaurant,42.3182168,-83.0405663,,Windsor,,https://www.butterchickenroti.com/,OSM,10
Malek al-Kabob,restaurant,42.3057495,-83.24527,22065 Michigan Avenue,Dearborn,,https://www.malekalkabob.com/,OSM,10
Paradise Biryani Pone,restaurant,42.3058591,-83.2447749,22001 Michigan Avenue,Dearborn,,https://www.paradisebiryanidearborn.com/,OSM,10
nooch.,restaurant,42.3136114,-83.0210879,,Windsor,,https://www.noochwindsor.ca/,OSM,10
The Butcher’s Grille,restaurant,42.3033476,-83.2557353,22713 Michigan Avenue,Dearborn,,https://thebutchersgrille.com/,OSM,10
Brome Modern Eatery,restaurant,42.3062098,-83.2454005,22062 Michigan Avenue,Dearborn,,https://bromemoderneatery.com/,OSM,10
Gingerberry,restaurant,42.3698614,-82.9571048,12626 East Jefferson Avenue,Detroit,,https://order.online/store/gingerberry-carryout--restaurant-detroit-794377,OSM,10
Mi Lindo San Blas,restaurant,42.3149953,-83.1100059,1807 Livernois Avenue,Detroit,,http://www.milindosanblas.com/,OSM,10
Charminar Biriyani House,restaurant,42.3559664,-83.0661067,111 West Warren Avenue,Detroit,,https://charminarmi.com/detroit-home/,OSM,10
Detroit Pizza Bar,restaurant,42.4172931,-83.144537,7316 West McNichols Road,Windsor,,https://www.pizzabardetroit.com/,OSM,10
Sierra Station,restaurant,42.3874921,-82.9450625,15110 Mack Avenue,Detroit,,http://sierrastationgp.com,OSM,10
The Ham Palace,restaurant,42.4177632,-83.0548107,4700 East Davison Street,Detroit,,https://cityofdetroit.github.io/restaurant-inspections/establishment/1345,OSM,10
Tiger Thai,restaurant,42.4978151,-83.1673482,28259 South Woodward Avenue,Berkley,,https://tigerthaiberkley.com/,OSM,10
Hiroki-san,restaurant,42.333329,-83.0514007,1265 Washington Boulevard,Detroit,,https://hirokisandetroit.com/,OSM,10
Presley's,restaurant,42.3357242,-83.0503154,1 Park Avenue,Detroit,,https://presleyskitchen.com/,OSM,10
Dirty Shake,restaurant,42.3529861,-83.0671871,,Windsor,,https://dirtyshake.com/,OSM,10
India Paraside,restaurant,42.3103932,-83.0104745,1459 Ottawa Street,Windsor,,https://www.indiaparadise.ca/windsor/,OSM,10
Mister Dips,restaurant,42.3343117,-83.048498,19 East Grand River Avenue,Windsor,,https://www.misterdips.com/location/mister-dips-detroit-mi/,OSM,10
North End Taproom,restaurant,42.4894562,-83.1439043,110 South Main Street,Royal Oak,,https://www.northendtaproom.com/,OSM,10
Mad Nice,restaurant,42.3492296,-83.0650447,4120 2nd Avenue,Detroit,,https://www.madnicedetroit.com,OSM,10
Selden Standard,restaurant,42.3477893,-83.0650107,3921 2nd Avenue,Detroit,,http://seldenstandard.com,OSM,10
Vecino,restaurant,42.3483281,-83.0673427,4100 3rd Street,Detroit,,https://www.vecinodetroit.com/,OSM,10
La Pita,restaurant,42.3025603,-83.2544678,22681 Newman Street,Dearborn,,https://www.lapitadearborn.com/,OSM,10
Pappy's,restaurant,42.3351821,-83.0423099,517 Monroe Street,Detroit,,http://www.pappysdetroit.com/,OSM,10
Vinsetta Garage,restaurant,42.4948935,-83.1645953,27799 Woodward Avenue,Berkley,,https://www.vinsettagarage.com/,OSM,10
Pinky's Rooftop,restaurant,42.4896431,-83.1446802,100 South Main Street,Royal Oak,,https://www.diamondsroyaloak.com,OSM,10
Como's,restaurant,42.4608298,-83.1341123,22812 Woodward Avenue,Ferndale,,https://www.comosrestaurant.com/,OSM,10
Mint 29,restaurant,42.306399,-83.244321,22000 Michigan Ave,Dearborn,,https://www.mint29.com/,OSM,10
IHOP,restaurant,42.3272772,-83.2745829,24140 Ford Road,Dearborn Heights,,https://restaurants.ihop.com/en-us/mi/dearborn-heights/breakfast-24140-ford-rd-3222,OSM,10
Mexican Fiesta Restaurant,restaurant,42.3272349,-83.2751658,24310 Ford Road,Dearborn Heights,,https://www.mexicanfiesta.net/dearborn.html,OSM,10
beppé,restaurant,42.4946899,-83.1447903,703 North Main Street,Royal Oak,,https://www.eatbeppe.com/,OSM,10
Telegraph Grill,restaurant,42.354103,-83.2748423,8445 North Telegraph Road,Dearborn Heights,,https://telegraph-grill.business.site/,OSM,10
Yoshi Hibachi Grille,restaurant,42.2695421,-83.16037,2709 Fort Street South,Detroit,,https://yoshigrille.com/,OSM,10
Fredi The PizzaMan,restaurant,42.2853311,-83.1843719,17900 Allen Road,Melvindale,,https://fredithepizzaman.com,OSM,10
Jade,restaurant,42.3134193,-83.0382352,157 Wyandotte Street East,Windsor,,https://jadechinesecuisine.com/,OSM,10
Anita's Kitchen,restaurant,42.4595757,-83.1344756,22651 Woodward Avenue,Ferndale,,https://anitaskitchen.com/akferndale/,OSM,10
Little Ghost,restaurant,42.4566514,-83.1323999,22305 Woodward Avenue,Windsor,,https://www.eatlittleghost.com/,OSM,10
The Keg,restaurant,42.2710958,-83.0013311,,Windsor,,https://thekeg.com/en/locations/windsor-devonshire,OSM,10
Zukin's Rib Shack,restaurant,42.2674992,-83.1824247,967 Dix Highway,Detroit,,https://zukinsribshack.com/,OSM,10
Vic’s Casual Dining,restaurant,42.2092916,-83.1985868,13499 Dix-Toledo Highway,Southgate,,https://www.vicscasualdining.com/,OSM,10
Eastwood's Grill and Lounge,restaurant,42.3196691,-83.0388315,,Windsor,,https://www.eastwoodsgrilllounge.com/,OSM,10
Oak Park Social,restaurant,42.4883768,-83.194362,14691 West 11 Mile Road,Oak Park,,https://www.oakparksocial.com/,OSM,10
Ferndale Project,restaurant,42.4505757,-83.143007,567 Livernois Street,Windsor,,https://www.ferndaleproject.com,OSM,10
TGI Friday's,restaurant,42.482787,-83.2420546,,Windsor,,https://locations.tgifridays.com/mi/southfield/26299-evergreen-rd.html,OSM,10
Little Lou's Hot Chicken,restaurant,42.4963212,-83.1831726,2626 Coolidge Highway,Berkley,,https://www.littleloushotchicken.com/,OSM,10
Starbucks,cafe,42.4879899,-83.1444354,300 South Main Street,Royal Oak,+1 248-548-4570,https://www.starbucks.com/store-locator/store/18383/royal-oak-s-main-3rd-st-300-s-main-st-royal-oak-mi-480672614-us,OSM,0
Starbucks,cafe,42.3051528,-83.2469201,22155 Michigan Avenue,Dearborn,+1 313-730-9281,https://www.starbucks.com/store-locator/store/15862/dearborn-michigan-ave-howar-22155-michigan-ave-dearborn-mi-481242204-us,OSM,0
Alba,cafe,42.3315564,-83.0757066,2124 Michigan Avenue,Detroit,+1 313-462-4797,https://alba-coffee.com/,OSM,0
Starbucks,cafe,42.3311984,-83.0472108,777 Woodward Avenue,Detroit,+1 313-964-5465,https://www.starbucks.com/store-locator/store/1007537/one-kennedy-square-detroit-777-woodward-ave-ste-140-detroit-mi-48226-us,OSM,0
Starbucks,cafe,42.3584583,-83.0709067,5221 Gullen Mall,Detroit,+1 313-577-4678,https://www.starbucks.com/store-locator/store/1011440/wayne-state-univ-student-cent-5221-gullen-mall-detroit-mi-48202-us,OSM,0
Trinosophes Cafe,cafe,42.3443905,-83.0377864,1464 Gratiot Avenue,Windsor,+1-313-778-9258,https://www.trinosophes.com/,OSM,0
Starbucks,cafe,42.4057894,-82.9161579,18051 Mack Avenue,Detroit,+1 313-573-6060,https://www.starbucks.com/store-locator/store/1019763/mack-radnor-18051-mack-ave-detroit-mi-482241475-us,OSM,0
Hannan Cafe,cafe,42.355682,-83.0631873,4750 Woodward Avenue,Detroit,+1-313-265-3166,https://hannan.org/detroit-cooks-at-hannan-cafe/,OSM,0
Starbucks,cafe,42.3238243,-83.1688722,12921 Michigan Avenue,Dearborn,+1 313-846-8150,https://www.starbucks.com/store-locator/store/8355/michigan-oakman-dearborn-12921-michigan-ave-dearborn-mi-481263551-us,OSM,0
Living Zen Organics,cafe,42.4024849,-83.0600967,3030 Casmere Street,Windsor,+1-734-366-7736,https://www.detroitzencenter.org/living-zen-organics,OSM,0
City Coffeehouse,cafe,42.2579315,-83.2090361,6623 Allen Road,Allen Park,+1-313-908-4027,https://city-coffeehouse.business.site/,OSM,0
Cairo Coffee,cafe,42.3480988,-83.0394974,2712 Riopelle Street,Detroit,+1-313-833-8769,https://cairocoffeeblog.wordpress.com/,OSM,0
Detroit Sip,cafe,42.4173012,-83.1455994,7410 West McNichols Road,Windsor,+1-313-635-5130,https://www.detroitsip.com/,OSM,0
Starbucks,cafe,42.2782993,-83.2155177,23005 Outer Drive,Allen Park,+1 313-278-4249,https://www.starbucks.com/store-locator/store/8484/southfield-outer-dr-allen-p-23005-outer-drive-allen-park-mi-481013149-us,OSM,0
Starbucks,cafe,42.3318519,-83.0505623,1114 Washington Boulevard,Detroit,+1 313-442-1604,https://www.starbucks.com/store-locator/store/1019893/westin-book-cadillac-lobby-1114-washington-blvd-detroit-mi-48226-us,OSM,0
Coffee Down Under,cafe,42.3293019,-83.0482787,607 Shelby Street,Detroit,+1 313-444-6626,https://www.coffeedownunder.com/,OSM,0
Starbucks,cafe,42.3287462,-83.0488919,243 West Congress Street,Detroit,+1 313-512-5900,https://www.starbucks.com/store-locator/store/1030267/marquette-building-detroit-243-w-congress-st-detroit-mi-48226-us,OSM,0
Manaeesh Cafe / Cheesecake,cafe,42.3292402,-83.1825837,14339 Ford Road,Dearborn,+1-313-584-5999,https://www.yelp.com/biz/manaeesh-caf%C3%A9-dearborn,OSM,0
Royal Oak Roast,cafe,42.4764511,-83.1455374,25070 Woodward Avenue,Royal Oak,+1 248-535-9770,https://www.drinkroast.com,OSM,0
Statler Market,cafe,42.3354581,-83.051429,313 Park Avenue,Detroit,+1-313-463-7111,https://statlerdetroit.com/detroit-statler-detroit-market,OSM,0
Tim Hortons,cafe,42.4428072,-83.2660949,22565 8 Mile Road,Detroit,+1 313-592-9000,https://www.timhortons.com,OSM,0
The Congregation,cafe,42.3775172,-83.1005096,9321 Rosa Parks Boulevard,Detroit,+1-313-307-5518,https://thecongregationdetroit.com/,OSM,0
New Order Coffee Roasters,cafe,42.4780091,-82.8894546,25107 Jefferson Avenue,Saint Clair Shores,+1 586-944-2121,https://www.newordercoffee.com,OSM,0
Eatori Market,cafe,42.3328869,-83.0498269,1215 Griswold Street,Detroit,+1-313-395-3030,https://www.eatorimarket.com,OSM,0
Eleos Coffee,cafe,42.3814276,-83.1255962,12041 Dexter Avenue,Detroit,+1-313-307-7137,https://www.eleoscoffee.com/,OSM,0
La Ventana Cafe,cafe,42.3447347,-83.0375326,1492 Gratiot Avenue,Detroit,+1-313-212-3005,https://laventana.cafe,OSM,0
Caffè Far Bella,cafe,42.4660388,-82.8982458,23415 Greater Mack Avenue,Saint Clair Shores,+1 586-773-2233,http://caffefarbella.com,OSM,0
The Cheesecake Shoppe,cafe,42.4659565,-82.8982997,23411 Greater Mack Avenue,Saint Clair Shores,+15867732090,https://www.thecheesecakeshoppe.com/,OSM,0
Yemeni Corner Coffee House,cafe,42.2592044,-82.9971521,350 Cabana Road,Windsor,+15199150595,https://www.yemenicorner.ca/,OSM,0
Honey Dirt Coffee Company,cafe,42.4608987,-83.1353604,22801 Woodward Avenue,Ferndale,+1-313-489-2044,https://www.honeydirtcoffee.com,OSM,0
-320° Coffee & Creamery,cafe,42.3552934,-83.0660544,4830 Cass Avenue,Detroit,+1-313-960-2084,https://www.320cnc.com,OSM,0
James Oliver Corktown,cafe,42.3317771,-83.0629539,1236 Michigan Avenue,Detroit,+1-313-765-9505,https://www.jamesolivercoffee.com/cafe,OSM,0
Astoria Pastry Shop,cafe,42.3354104,-83.0419647,541 Monroe Street,Detroit,+1-313-963-9603,https://www.astoriapastryshop.com/,OSM,0
Tim Hortons,cafe,42.2061281,-83.1490118,2702 Biddle Avenue,Wyandotte,+1 734-720-0729,https://www.timhortons.com/,OSM,0
Tim Hortons,cafe,42.3159001,-83.0450275,525 University Avenue West,Windsor,+1-519-253-0012,https://timhortons.ca/,OSM,0
Starbucks,cafe,42.2537847,-83.1910439,1845 Southfield Road,Lincoln Park,+1 313-388-6408,https://www.starbucks.com/store-locator/store/10455/southfield-rd-dix-hwy-1845-southfield-road-lincoln-park-mi-481462247-us,OSM,0
Cass Cafe,cafe,42.3535074,-83.0648632,4620 Cass Avenue,Detroit,+1-313-831-1400,https://www.casscafe.com/,OSM,0
Café March 21,cafe,42.3151401,-83.0383389,480 Pelissier Street,Windsor,+15199193265,https://www.cafemarch21.com/,OSM,0
The Himalayan Flames,restaurant,42.305154,-83.2492854,22266 Michigan Avenue,Dearborn,+1-313-908-1193,http://thehimalayanflames.com/,OSM,0
Shin Shin,restaurant,42.3145472,-83.0506921,978 University Avenue West,Windsor,+1-519-252-1449,https://www.shinshinrestaurant.com/,OSM,0
Midtown Shangri-La,restaurant,42.3540733,-83.0653679,4710 Cass Avenue,Detroit,+1-313-974-7669,http://www.midtownshangri-la.com/,OSM,0
Seva,restaurant,42.354844,-83.0614814,66 East Forest Avenue,Detroit,+1 313 974 6661,https://www.sevarestaurant.com/,OSM,0
Go Sy Thai,restaurant,42.3515361,-83.0639062,4240 Cass Avenue,Detroit,+1 313 638 1467,https://www.gosythai.com/,OSM,0
Xushi Ko,restaurant,42.3277278,-83.2029168,16351 Ford Road,Dearborn,+1 313-982-1730,http://xushi-ko.com/,OSM,0
Gracie See Pizzeria,restaurant,42.3424799,-83.1964974,6889 Greenfield Road,Windsor,+1-313-581-8070,http://graciesee.com/,OSM,0
Antonio's Cucina Italiana,restaurant,42.3275783,-83.2993007,26356 Ford Road,Dearborn Heights,+1 313-278-6000,https://antoniosrestaurants.com/,OSM,0
El Catracho,restaurant,42.3191913,-83.0974853,4627 West Vernor Highway,Windsor,+1 313-784-9361,https://www.antojitoselcatracho.com/,OSM,0
ChickP,restaurant,42.3347836,-83.0503093,110 Clifford Street,Detroit,+1-313-315-3042,https://www.chickpdetroit.com/,OSM,0
Durresi Restaurant Coney Island,restaurant,42.3600238,-83.2747515,9078 Telegraph Road,Redford Township,+1-313-531-2827,https://www.durresirestaurantconeyisland.com/,OSM,0
Supino Pizzeria,restaurant,42.3453951,-83.0400382,2457 Russell Street,Detroit,+1-313-567-7879,https://www.supinopizzeria.com,OSM,0
Motown Cafe & Grill,restaurant,42.4393943,-83.0240288,19638 Van Dyke Street,Detroit,+1 313 368-2600,http://motowncafeandgrill.com,OSM,0
Pizza Hut,restaurant,42.46371,-83.137291,23137 Woodward Avenue,Ferndale,+1 248-548-4906,https://locations.pizzahut.com/mi/ferndale/23137-woodward-ave,OSM,0
Dime Store,restaurant,42.3309932,-83.0478905,719 Griswold Street,Detroit,+1 313 962 9106,https://www.eatdimestore.com/,OSM,0
The Blue Nile,restaurant,42.4602637,-83.141977,545 West 9 Mile Road,Ferndale,+1 248-547-6699,https://bluenileferndale.com/,OSM,0
Senate Coney Island,restaurant,42.3063071,-83.1887072,3345 Greenfield Road,Dearborn,+1-313-441-1027,http://places.singleplatform.com/senate-coney-island-and-restaurant/menu?,OSM,0
Soraya,restaurant,42.330625,-83.0483036,160 West Fort Street,Detroit,+1 313-262-6078,https://www.sorayadetroit.com/,OSM,0
Noorjahan Indian Cuisine,restaurant,42.4610609,-83.1353254,22821 Woodward Avenue,Ferndale,+1 248-951-8919,www.noorjahanferndale.com,OSM,0
Jet's Pizza,restaurant,42.4356608,-82.9646419,15235 East 7 Mile Road,Detroit,+1-313-839-4800,https://jetspizza.com/stores/largemap/215,OSM,0
Firebird Tavern,restaurant,42.334748,-83.0432982,419 Monroe Avenue,Detroit,+1-313-782-4189,https://www.firebirdtavern.com/,OSM,0
Baker's Keyboard Lounge,restaurant,42.4453925,-83.1416246,20510 Livernois Avenue,Detroit,+1-313-345-6300,https://www.theofficialbakerskeyboardlounge.com/,OSM,0
Cutter's,restaurant,42.348327,-83.0377682,2638 Orleans Street,Detroit,+1 313-393-0360,https://cuttersdetroit.com/,OSM,0
Louisiana Creole Gumbo,restaurant,42.3493091,-83.03457,2051 Gratiot Avenue,Detroit,+1-313-567-1200,https://www.detroitgumbo.com/,OSM,0
Applebee's,restaurant,42.3304371,-83.0412788,333 East Jefferson Avenue,Detroit,+1 313-879-5141,https://restaurants.applebees.com/en-us/mi/detroit/333-e.-jefferson-ave-77035,OSM,0
IHOP,restaurant,42.330522,-83.0413428,333 East Jefferson Avenue,Detroit,+1 313-879-5141,https://restaurants.ihop.com/en-us/mi/detroit/breakfast-333-e.-jefferson-ave-3591,OSM,0
Lux Diner,restaurant,42.3054273,-82.8656373,33 Amy Croft Drive,Windsor,+1-519-735-8001,http://luxdiner.net,OSM,0
Little Italy Pizza,restaurant,42.4797942,-82.9205585,19136 E 10 Mile Road,Eastpointe,+1-586-778-0300,https://www.littleitalypizzeriamenu.com/,OSM,0
The Yolk Brunch House,restaurant,42.4579385,-82.9011925,22230 Greater Mack Avenue,Saint Clair Shores,+1 586-776-1300,https://theyolkbrunchhouse.com/,OSM,0
Matter of Taste,restaurant,42.3262192,-82.9400288,1159 Lauzon Road,Windsor,+1-519-945-6666,http://matteroftastebarandgrill.net,OSM,0
The Kitchen,restaurant,42.3695459,-83.0731443,6529 Woodward Avenue,Detroit,+1 734-462-4184,https://www.thekitchenbycwq.com/,OSM,0
Unburger Grill,restaurant,42.3062451,-83.244518,22018 Michigan Avenue,Dearborn,+1-313-633-0881,https://www.unburgergrill.com/,OSM,0
Nosh Pit Detroit,restaurant,42.3982186,-83.0575856,2995 Yemans Street,Windsor,+1-734-486-0777,https://noshpitdetroit.com/,OSM,0
Unique Coney Island Express,restaurant,42.3526156,-83.0698315,4704 Anthony Wayne Drive,Windsor,+1 313-356-5300,https://uniqueconeyisland.com/,OSM,0
JHouse Juice,restaurant,42.3905273,-82.9040651,375 Fisher Road,Windsor,+1-313-571-3423,http://www.jhousejuice.com/,OSM,0
Peacock Indian Cuisine,restaurant,42.3217726,-83.1779094,13736 Michigan Avenue,Windsor,+1-248-756-2585,https://www.peacockindiancuisine.com/,OSM,0
Andalus Mediterranean Grill,restaurant,42.2826315,-83.2704903,3765 South Telegraph Road,Windsor,+1-313-551-3356,https://andalusgrilldearborn.com/,OSM,0
Catrina's Taqueria,restaurant,42.2786611,-83.2150071,23019 West Outer Drive,Windsor,+1-313-462-2900,https://catrinas.com/,OSM,0
Angelina's Mexican Restaurant,restaurant,42.2477341,-83.2186203,8425 Allen Road,Windsor,+1-313-216-7181,https://angelinasfreshmex.com/,OSM,0
Happy's Pizza,restaurant,42.3549739,-83.2759906,8611 Telegraph Road,Dearborn Heights,+1 313 730 3333,https://www.happyspizza.com/dearborn-heights-telegraph-rd/,OSM,0
Uncle Bones BBQ,restaurant,42.3710932,-83.2667154,23245 Plymouth Road,Redford,+1-313-255-0500,https://www.facebook.com/pages/Uncle-Bones-BBQ/810924029101938?rf=270022983526081,OSM,0
L.A. Town Grill,restaurant,42.2443205,-83.0618438,5975 Malden Road,LaSalle,+1-519-250-8383,https://latowngrill.com,OSM,0
ima,restaurant,42.3558436,-83.0663872,4870 Cass Avenue,Detroit,+1-313-883-9788,https://imanoodles.com/,OSM,0
Grandma Bobs Handmade Pizza,restaurant,42.3311789,-83.0758407,2135 Michigan Avenue,Detroit,+1 313-315-3177,https://www.grandmabobs.com/,OSM,0
Mr. Steves Pizza,restaurant,42.3434614,-83.2251651,18940 West Warren Avenue,Detroit,+1-313-271-8620,https://www.mrstevespizza.com/,OSM,0
Leo's Coney Island,restaurant,42.2787744,-83.2100471,23233 West Outer Drive,Allen Park,+1-313-730-7040,https://www.leosconeyisland.com/Locations?udt_412_param_detail=29,OSM,0
M Cantina,restaurant,42.3232851,-83.1727193,13214 Michigan Avenue,Dearborn,+1-313-399-9117,https://www.mcantina.com/,OSM,0
King Wah Chop Suey,restaurant,42.320428,-83.1760682,4353 Schaefer Road,Dearborn,+1-313-846-1400,https://www.menuism.com/restaurants/king-wah-chop-suey-dearborn-80896,OSM,0
Cuisine,restaurant,42.3701289,-83.0784926,670 Lothrop Road,Detroit,+1 313 872 5110,https://www.cuisinerestaurant.com/,OSM,0
Acapulco Delight,restaurant,42.3149011,-83.0386997,485 Pelissier Street,Windsor,+1-519-977-1881,https://acapulcodelight.com/menu,OSM,0
El Caporal,restaurant,42.3141466,-83.0990108,,Windsor,+1-313-551-4920,https://elcaporaldetroit.com/,OSM,0
L Georges Coney Island,restaurant,42.4163581,-83.180716,,Windsor,+1-313-342-6516,http://www.lgeorgeswalledlake.com/,OSM,0
Teresa’s Place,restaurant,42.4168634,-83.1837935,,Windsor,+1-313-862-2884,https://www.teresasplaceofficial.com/,OSM,0
Sports & Social Detroit,restaurant,42.3404953,-83.0542126,28 Henry Street,Detroit,+1-313-782-4778,https://sportsandsocialdetroit.com/,OSM,0
Mike's Pizza Bar,restaurant,42.3407354,-83.0538162,2515 Woodward Avenue,Detroit,+1-313-782-4589,https://mikespizzabardetroit.com/,OSM,0
Buddy's Pizza,restaurant,42.336156,-83.0496154,1565 Broadway Street,Detroit,+1-313-765-1500,https://buddyspizza.com/locations/downtown-detroit,OSM,0
Ottava Via,restaurant,42.3315989,-83.0657269,1400 Michigan Avenue,Detroit,+1-313-962-5500,https://ottavaviadetroit.com/,OSM,0
Happy's Pizza,restaurant,42.2843886,-83.1682785,2630 Oakwood Boulevard,Melvindale,+1-313-382-2222,https://www.happyspizza.com/melvindale-oakwood-blvd/,OSM,0
Detroit Grill & Deli,restaurant,42.4452896,-83.0241229,20216 Van Dyke Avenue,Detroit,+1 313 731 7719,https://www.detroitgrilldeli.com/,OSM,0
Leila,restaurant,42.3332005,-83.049835,1245 Griswold Street,Detroit,+1-313-816-8100,https://www.leiladetroit.com/,OSM,0
El Barzon,restaurant,42.3306999,-83.1109009,3710 Junction Street,Windsor,+1 313-894-2070,https://elbarzonrestaurant.com/,OSM,0
La Noria Bistrot,restaurant,42.3308983,-83.1110001,5517 Michigan Avenue,Windsor,+1 313-338-3545,https://lanoriabistro.com/,OSM,0
The Goblin,restaurant,42.3253918,-83.0778235,2547 Bagley Street,Detroit,+1-313-502-5788,https://www.goblindetroit.com/,OSM,0
Burger Farm,restaurant,42.2589955,-82.9982514,300 Cabana Road,Windsor,+1 226-773-0705,https://www.burgerfarm.ca/,OSM,0
Cadillac Square Diner,restaurant,42.3318276,-83.0443168,111 Cadillac Square,Detroit,+1-313-974-6923,http://cadillacsquarediner.com,OSM,0
Mom's Spaghetti,restaurant,42.3379745,-83.0518871,2131 Woodward Avenue,Detroit,+1 313-888-8388,https://momsghetti.com/,OSM,0
Eagle's Café 1,restaurant,42.2408319,-83.2568301,22765 Wick Road,Windsor,+1 313-406-6315,https://eaglecafe1.com,OSM,0
Baobab Fare,restaurant,42.370143,-83.0728811,6568 Woodward Avenue,Windsor,+1 313-265-3093,https://www.baobabfare.com/,OSM,0
Monaco Lebanese Grill,restaurant,42.2751604,-83.0497281,2212 Huron Church Road,Windsor,+1 519 966 0505,https://monacoexpress.ca/,OSM,0
Detroit Pizza Factory,restaurant,42.354384,-83.2749556,8471 North Telegraph Road,Dearborn Heights,+1 313 278 3355,http://dpizzafactory.com/,OSM,0
Andiamo Detroit Riverfront,restaurant,42.3281912,-83.039404,400 Renaissance Center,Detroit,+1 313 567 6700,https://andiamoitalia.com/locations/detroit-riverfront/,OSM,0
Mama's Family Restaurant,restaurant,42.4493334,-82.9731555,14620 East 8 Mile Road,Detroit,+1-313-527-2660,https://mamasfamilyrestaurant.com/,OSM,0
Me & My Girls Soul Food,restaurant,42.4347306,-83.0027712,11831 Seven Mile E,Detroit,+1 313-372-8820,http://meandmygirlssoulfood.com,OSM,0
Breadless,restaurant,42.3399223,-83.0202161,2761 East Jefferson Avenue,Windsor,+1 313-474-2870,https://eatbreadless.com/,OSM,0
Gina's Soulfood,restaurant,42.4649996,-82.9351307,18000 East 9 Mile Road,Eastpointe,+1-586-859-7252,https://ginassoulfood.com,OSM,0
Olive Garden,restaurant,42.3285811,-83.2012305,16151 Ford Road,Dearborn,+1-313-240-6100,https://www.olivegarden.com/locations/mi/dearborn/dearborn/1427,OSM,0
Te Roma,restaurant,42.4736425,-83.0266751,24436 Van Dyke Avenue,Center Line,+1-586-757-7575,https://teromainc.biz,OSM,0
Papa's Pizza - WARREN,restaurant,42.4476531,-83.081682,2045 East 8 Mile Road,Warren,+1-586-754-0444,https://www.eatpapas.com/,OSM,0
Red Smoke Barbeque,restaurant,42.3355166,-83.0413796,573 Monroe Street,Detroit,+1-313-962-2100,https://www.redsmoke.net/,OSM,0
Hawilo Grill,restaurant,42.339437,-83.1964353,6593 Greenfield Road,Windsor,+1 313-666-3331,https://www.hawilogrill.com,OSM,0
Hygrade Deli,restaurant,42.3316651,-83.0941006,3640 Michigan Avenue,Detroit,+1-313-894-6620,http://www.hygradedeli.com/home.html,OSM,0
Mitsos,restaurant,42.3473337,-83.0389354,2614 Riopelle Street,Detroit,+1-313-338-3981,https://www.mitsosgreek.com/,OSM,0
China Kitchen Eatery,restaurant,42.2581092,-82.9951523,511 Cabana Road,Windsor,+15199662076,https://chinakitchenwindsor.com,OSM,0
DaVinci's Pizza,restaurant,42.3105512,-83.0108759,1434 Ottawa Street,Windsor,+1-519-915-4949,https://www.davincispizza.ca,OSM,0
Kabab Arbeel,restaurant,42.3329852,-83.1766869,5959 Schaefer Road,Windsor,+1 313-581-7880,https://www.kababarbeel.com/,OSM,0
Charminar Biryani House (Downtown),restaurant,42.3331026,-83.0490684,1226 Griswold Street,Detroit,+13134624783,https://charminarmi.com/downtown-home/,OSM,0
Little Pizza,restaurant,42.3435255,-83.229065,19240 Grandville Avenue,Detroit,+1-313-425-0005,https://www.seamless.com/menu/little-pizza-19240-w-warren-ave-detroit/1019607,OSM,0
Le Supreme,restaurant,42.3333673,-83.0514032,1265 Washington Boulevard,Detroit,+1-313-597-7734,https://www.lesupremedetroit.com/,OSM,0
Statler,restaurant,42.3355962,-83.0514359,,Windsor,+1-313-463-7111,https://statlerdetroit.com/,OSM,0
Olin,restaurant,42.3344957,-83.04814,25 East Grand River Avenue,Detroit,+1-313-774-1191,https://www.olindetroit.com/,OSM,0
San Morello,restaurant,42.3343105,-83.0485662,1400 Woodward Avenue,Detroit,+1-313-209-4700,https://www.sanmorello.com/,OSM,0
Republica,restaurant,42.4911415,-83.183758,1999 Coolidge Highway,Berkley,+1 248-268-3175,https://www.republicaberkley.com/,OSM,0
Bar Pigalle,restaurant,42.3449667,-83.0537712,2915 John R Street,Detroit,+1-313-497-9200,https://www.barpigalle.com/,OSM,0
Babo,restaurant,42.3605175,-83.0664881,,Windsor,+1 313-974-6159,https://www.babodetroit.com/,OSM,0
Zebee Fish & Chicken Market,restaurant,42.3551195,-83.1382508,8233 Livernois Avenue,Detroit,+1-313-933-5255,https://zebeefishandchicken.com,OSM,0
Von Thai,restaurant,42.4797236,-82.9341459,18140 E 10 Mile Rd.,Eastpointe,+1 586-944-0990,https://www.vonthai.com/,OSM,0
LA Cina Mexican Restaurant,restaurant,42.3964701,-82.921102,17201 Mack Avenue,Windsor,+1 313-881-8226,http://lacinarestaurant.com,OSM,0
Shores Inn Food & Spirits,restaurant,42.4659043,-82.8976033,23410 Greater Mack Avenue,Saint Clair Shores,+15867738940,https://www.shoresinn.com/Menu,OSM,0
Pepperoni Grille,restaurant,42.4592989,-82.90142,22411 Greater Mack Avenue,Saint Clair Shores,+15867743998,https://www.pepperonigrillescs.com/,OSM,0
Sidecar Slider Bar,restaurant,42.39039,-82.9159675,17051 Kercheval Street,Windsor,+1 313-332-5236,https://sidecarsliderbar.com/,OSM,0
Full Rack Barbecue,restaurant,42.4515036,-82.9050061,,Windsor,+1 586-872-2042,http://fullrackbarbecue.com,OSM,0
the Dragonfly Sushi Bar,restaurant,42.3107859,-83.0094107,1567 Ottawa Street,Windsor,+1-226-350-8888,https://www.dragonflytogo.com/,OSM,0
Smokies BBQ,restaurant,42.3121568,-83.005564,1959 Ottawa Street,Windsor,+1-226-674-1020,https://www.smokiesbbq.ca/,OSM,0
Hot Dog Shack,restaurant,42.3122647,-83.0052478,1991 Ottawa Street,Windsor,+1-519-915-1080,https://www.hotdogshack.ca/,OSM,0
Norm’s Diner,restaurant,42.3552574,-82.9969368,8029 Agnes Street,Windsor,+1 313-332-0347,https://normsdiner.com/,OSM,0
Kinton Ramen,restaurant,42.28823,-83.0591663,1475 Huron Church Road,Windsor,+1-519-977-8887,https://kintonramen.com/,OSM,0
Nuevo Seoul,restaurant,42.3292092,-83.0487541,220 West Congress Street,Windsor,+1 313-502-5171,https://eatatnuevoseoul.com/,OSM,0
Syndicate Ferndale,restaurant,42.4613397,-83.1338794,140 Vester Street,Windsor,+13133147220,https://syndicateferndale.com/,OSM,0
Kona Sushi Tecumseh,restaurant,42.3114663,-82.8920759,11977 Tecumseh Road E,Tecumseh,+15197358333,https://www.konasushi.com/tecumseh/,OSM,0
Philthy Philly's Windsor,restaurant,42.290065,-83.0579416,1500 Huron Church Road,Windsor,+12262219668,https://philthyphillys.com/,OSM,0
Starter's Bar and Grille,restaurant,42.4750159,-83.2400269,25242 Evergreen Road,Southfield,+1-248-281-4538,https://startersdetroit.com,OSM,0
Las Cazuelas Grill,restaurant,42.4754865,-83.2400576,25290 Evergreen Road,Southfield,+1-248-595-8296,https://www.lascazuelasgrill.net/,OSM,0
The Rectory,restaurant,42.3772805,-83.1006872,1920 Atkinson Street,Detroit,+1-313-631-1920,https://therectorydetroit.com/,OSM,0
Amar Pizza,restaurant,42.4061152,-83.0644757,12195 Joseph Campau Street,Hamtramck,+1-313-366-0980,https://amarpizzamenu.com,OSM,0
Chopstix Pan Asian Eatery,restaurant,42.3310683,-82.8907054,152 Lesperance Road,Windsor,+15199568996,https://www.facebook.com/ChopstixPanAsian,OSM,0
Roman Village Cucina Italiana,restaurant,42.305731,-83.1444223,9924 Dix Avenue,Dearborn,+1 313-842-2100,https://antoniosrestaurants.com/,OSM,0
Senate Coney Island Restaurant,restaurant,42.2549753,-83.2542293,,Windsor,+1 313-292-1861,https://www.georgessenateconyisland.com,OSM,0
JoJo's Shake Bar,restaurant,42.3377067,-83.0534004,88 West Columbia Street,Windsor,+1-313-462-4315,https://visitdetroit.com/directory/jojos-shakebar-detroit/,OSM,0
Prime 10,restaurant,42.4740742,-83.2028711,15600 West 10 Mile Road,Southfield,+1-248-327-7344,https://prime10detroit.com/,OSM,0
Brooklyn Street Local,restaurant,42.3317155,-83.0635725,1266 Michigan Avenue,Detroit,+1-313-262-6547,https://brooklynstreetlocal.com/,OSM,0
Parc,restaurant,42.3315472,-83.0468517,800 Woodward Avenue,Detroit,+1-313-922-7272,http://parcderoit.com,OSM,0
Delmar,restaurant,42.3351735,-83.0424682,501 Monroe Street,Detroit,+1-313-403-2111,https://delmardetroit.com/,OSM,0
Tin Roof Detroit,restaurant,42.3375911,-83.050074,47 Adams Street East,Detroit,+1-313-262-6114,https://tinroofdetroit.com/,OSM,0
The Waterfront Restaurant & Lounge,restaurant,42.2290237,-83.1481876,507 Biddle Avenue,Wyandotte,+1-734-286-9046,https://thewaterfrontwyandotte.com/,OSM,0
Gregorio's Italian Restaurant,restaurant,42.2098601,-83.1491644,2356 Biddle Avenue,Wyandotte,+1-734-283-3354,https://gregoriositalian.com/,OSM,0
Magadaleno Ristorante,restaurant,42.2033711,-83.1511771,152 Elm Street,Wyandotte,+1-734-283-8200,https://www.magdalenositalian.com/,OSM,0
Pizza Hut,restaurant,42.2204785,-83.1806203,1241 Fort Street,Wyandotte,+1 734-759-0065,https://locations.pizzahut.com/mi/wyandotte/1241-fort-st,OSM,0
Big Fish,restaurant,42.3129467,-83.2245243,700 Town Center Drive,Dearborn,+1 313 336-6350,https://www.muer.com/big-fish/dearborn.asp,OSM,0
TGI Friday's,restaurant,42.313402,-83.2260026,720 Town Center Drive,Dearborn,+1 313 271-2610,https://www.tgifridays.com/,OSM,0
Señor Lopez Taqueria,restaurant,42.3313487,-83.1328874,7146 Michigan Avenue,Detroit,+1 313 551-0685,https://senorlopezmexicanrestaurant.com/,OSM,0
Applebee's,restaurant,42.2784604,-83.2122433,23099 West Outer Drive,Allen Park,+1-313-274-4540,https://restaurants.applebees.com/en-us/mi/allen-park/23099-outer-drive-80091,OSM,0
Crafty Crab Seafood,restaurant,42.2783686,-83.2134828,23075 West Outer Drive,Allen Park,+1-313-733-0700,https://www.craftycraballenpark.com/,OSM,0
Golden Fleece,restaurant,42.3353103,-83.0422075,525 Monroe Street,Detroit,+1 313-962-7093,http://www.facebook.com/pages/Golden-Fleece-Restaurant/113952371969141,OSM,0
Monroe St. Steakhouse,restaurant,42.3355607,-83.041615,561 Monroe Street,Detroit,+1-313-961-3636,https://monroeststeakhouse.com/,OSM,0
New Parthenon,restaurant,42.3354491,-83.041874,547 Monroe Street,Detroit,+1-313-963-8888,http://www.newparthenon.com,OSM,0
Bagger Dave's,restaurant,42.4993654,-83.1835085,2972 Coolidge Highway,Berkley,+1 248 543-3283,https://www.baggerdaves.com/,OSM,0
Jet's Pizza,restaurant,42.4980161,-83.1840108,2823 Coolidge Highway,Berkley,+1-248-547-9880,https://www.jetspizza.com/,OSM,0
Alpino,restaurant,42.3299358,-83.0650909,1426 Bagley Street,Detroit,+1-313-524-0888,https://www.alpinodetroit.com/,OSM,0
Carajillo,restaurant,42.4598905,-83.1334886,22700 Woodward Avenue,Ferndale,+1 248-292-8500,https://www.carajilloferndale.com/,OSM,0
Sicily’s Pizzeria,restaurant,42.3236809,-83.0876541,3554 West Vernor Highway,Detroit,+1 313-554-0755,https://www.sicilysdetroit.com/,OSM,0
Joe's Hamburgers,restaurant,42.2025017,-83.1491632,3041 Biddle Avenue,Wyandotte,+1-734-285-0420,https://joeshamburgers.net/,OSM,0
Mudgie's,restaurant,42.3290587,-83.0620161,1413 Brooklyn Street,Detroit,+1 313-961-2000,https://www.mudgiesdeli.com/wp/,OSM,0
Taqueria Lupita's,restaurant,42.322933,-83.0854975,3443 Bagley Street,Windsor,+1-313-843-1105,https://taquerialupita.restaurantwebexpert.com/,OSM,0
Noah's Deli,restaurant,42.3200356,-83.1840354,14500 Michigan Avenue,Dearborn,+1-313-582-8361,https://noahs-deli.com/,OSM,0
Los Corrales,restaurant,42.3208741,-83.1037288,2244 Junction Street,Detroit,+1-313-849-3196,https://restaurantloscorrales.com/,OSM,0
El Rancho,restaurant,42.3165425,-83.105668,5900 West Vernor Highway,Windsor,+1-313-843-2151,https://elranchomexrest.net/,OSM,0
Camino Real Mexican Grill,restaurant,42.3042334,-83.1181604,1100 Central Street,Detroit,+1-734-258-8790,https://www.restaurantcaminoreal.com/,OSM,0
Pauls Pizza,restaurant,42.3126932,-83.1236375,7635 West Vernor Highway,Detroit,+1 313-843-1444,https://www.paulspizza.net/,OSM,0
El Nacimiento,restaurant,42.3136224,-83.1224105,7400 West Vernor Highway,Detroit,+1-313-554-1790,https://www.elnacimientorestaurant.com/,OSM,0
Rex's Golden Grill,restaurant,42.2943372,-83.272207,2424 South Telegraph Road,Dearborn,+1-313-565-7066,http://www.rexsgoldengrill.com/,OSM,0
Pizza Hut,restaurant,42.2903498,-83.270674,2941 S Telegraph Road,Dearborn,+1 313-562-0549,https://locations.pizzahut.com/mi/dearborn/2941-s-telegraph-rd,OSM,0
Mykonos Coney Island Restaurant,restaurant,42.2689584,-83.2580186,22905 Van Born Road,Taylor,+1-313-291-0943,https://www.mymykonosdining.com,OSM,0
Gus & Us Grill,restaurant,42.2769784,-83.2165821,17445 Hamilton Avenue,Allen Park,+1-313-359-2700,https://www.facebook.com/GusUsGrill/,OSM,0
Buddy's Pizza,restaurant,42.4189365,-83.0641087,17125 Conant Street,Detroit,+1-313-892-9001,https://buddyspizza.com/locations/detroit,OSM,0
Hambo Coney Island,restaurant,42.461647,-83.1347394,22900 Woodward Avenue,Ferndale,+1-248-414-9400,https://www.hamboconeyisland.com/,OSM,0
Billy's Fish & Chicken,restaurant,42.2530396,-83.140563,3964 West Jefferson Avenue,Detroit,+1-313-406-4533,https://www.billysfishchicken.com/,OSM,0
Wine Dotte Bistro,restaurant,42.2039243,-83.1483993,2910 Van Alstyne Boulevard,Wyandotte,+1-734-556-3195,http://winedottebistro.com/,OSM,0
Koja Sushi Restaurant,restaurant,42.3204326,-83.1810531,14245 Michigan Avenue,Dearborn,+1-313-914-5071,https://www.kojasushi.com/,OSM,0
Taqueria Los Charros,restaurant,42.2236997,-83.1946783,4090 Dix Highway,Lincoln Park,+1-313-551-5750,https://loscharrostogo.com/,OSM,0
The 8th Side and Noodle House,restaurant,42.2215886,-83.1817185,4232 Fort Street,Lincoln Park,+1 313-382-1683,https://the8thside.com,OSM,0
Armando's Pizza,restaurant,42.2586496,-82.9976273,326 Cabana Road,Windsor,+15199729433,https://www.armandospizza.ca,OSM,0
Mazaar,restaurant,42.2590541,-82.997605,350 Cabana Road,Windsor,+15199670000,https://mazaar.ca,OSM,0
WinCity Hakka;Wincity Hakka,restaurant,42.3145514,-83.0508822,992 University Avenue West,Windsor,+1-519-962-0555,https://wincityhakka.wixsite.com/mysite,OSM,0
Rise N' Shine Diner,restaurant,42.3147537,-83.0504376,954 University Avenue West,Windsor,+1-519-945-6060,https://www.risenshinediner.ca,OSM,0
Caesars Coney & Grill,restaurant,42.213136,-83.206977,15099 Northline Road,Southgate,+1-734-324-1111,https://caesarsconeyandgrill.com/,OSM,0
Pizza Kitchen,restaurant,42.3175471,-83.1930656,15264 Michigan Avenue,Dearborn,+1-313-582-8500,https://slicelife.com/restaurants/mi/dearborn/48126/pizza-kitchen-dearborn/menu,OSM,0
Elmhurst Tap Room,restaurant,42.2853024,-83.2328174,22057 West Outer Drive,Dearborn,+1-313-277-4041,http://www.elmhursttaproom.com/,OSM,0
V. Gonellas Original Deli,restaurant,42.2851939,-83.2326409,22069 West Outer Drive,Dearborn,+1-313-563-8500,http://vgonellasoriginaldeli.com/,OSM,0
Cloverleaf Pizza,restaurant,42.4746464,-82.9520622,24443 South Gratiot Avenue,Eastpointe,+1-586-777-5391,https://cloverleaf-pizza.com/,OSM,0
Bigalora Wood Fired Cucina,restaurant,42.4842566,-83.1437867,711 South Main Street,Royal Oak,+1-248-544-2442,https://bigalora.com/,OSM,0
Jim Brady's Detroit,restaurant,42.4792403,-83.1443138,1214 South Main Street,Royal Oak,+1 248 3061954,https://www.jimbradysdetroit.com/,OSM,0
Applebee's,restaurant,42.4459945,-83.1223586,2111 8 Mile Road West,Detroit,+1 313-586-5980,https://restaurants.applebees.com/en-us/mi/detroit/2111-west-eight-mile-rd-78033,OSM,0
Z's Villa,restaurant,42.3664831,-83.0696605,42 Piquette Avenue,Detroit,+1-313-874-2680,https://zsvilladet.com,OSM,0
Caesars Coney & Grill,restaurant,42.3266272,-83.2768862,24455 Ford Road,Dearborn,+1-313-278-0455,https://caesarsconeyandgrill.com/,OSM,0
Trap Vegan,restaurant,42.4430213,-83.1415543,20198 Livernois Avenue,Detroit,+1 313-340-2988,https://www.trapvegan.com/,OSM,0
Saffron De Twa,restaurant,42.3762809,-83.0159062,7636 Gratiot Avenue,Windsor,+1 586-359-6138,https://www.saffrondetwah.com/,OSM,0
Daily Jam,restaurant,42.4442815,-82.9063623,20710 Mack Avenue,Grosse Pointe Woods,+1-313-924-8735,https://www.mydailyjam.com/,OSM,0
A Eagles Coney Island,restaurant,42.3700562,-83.1170046,9122 Dexter Avenue,Detroit,+1 313 897-3523,https://www.grubhub.com/restaurant/a-eagles-coney-island-9122-dexter-ave-detroit/1192952,OSM,0
Pia's Ristorante Italiano,restaurant,42.2565343,-83.2438653,21142 Ecorse Road,Taylor,+1-313-383-1309,https://www.piaspizza.com/,OSM,0
Brisabar,restaurant,42.3313313,-83.0465456,"800 Woodward Ave, Detroit, MI",Windsor,+1 313-209-5301,https://brisabar.com/,OSM,0
The Taco Stand Taqueria,restaurant,42.2271664,-83.2314492,20115 Goddard Road,Taylor,+1 734-250-7154,https://www.thetacostandtaqueria.com/taylor,OSM,0
WaterWork Plumbing,professional,42.4549865,-83.1230651,1049 Hilton Road,Ferndale,+1-248-542-8022,https://waterworkplumbing.com/,OSM,0
